id,feature_1,feature_2,feature_3,feature_4,feature_5,feature_6,feature_7,feature_8,feature_9,feature_10,target
1,-3.473887015724188,-1.357287166236023,-1.7876863423331104,-2.5595009496198107,-1.5988147255527516,1.1121160336549014,-0.8598047545516885,0.40122645067273777,0.32842938768251895,-0.8505054917277072,1
2,-2.589476013260212,-0.4585414964134862,-1.8006833994669738,-1.3322042058680696,-2.6403566974489503,3.3539329998960703,-0.6176066581341206,0.4557368609136171,-0.0235449546016,-2.3245047910039975,1
3,3.2573583384494884,-1.0241327431428089,2.3149142821604736,3.9566879603322453,-1.478358287220917,-4.327307113682571,1.053220143349596,-1.660184640318907,1.7377340223747666,3.349097654951848,0
4,0.026608516968698037,-0.7659014352226248,-0.21035587660286215,0.6398589933567767,-0.2568455582564304,1.7020462809281127,-0.8694725088081525,-0.13946730735165036,-0.1740236016400154,-1.3736878684444227,1
5,1.865959480479181,-1.5633781446321282,0.8445670678933903,3.2172343170245346,-0.3414493500727983,-0.7741124262115268,1.0397280010023848,0.7059715232188537,-1.5877414533923613,-0.1823419576268439,0
6,2.0447499427462814,-0.7644082243797072,-0.8710039464614365,2.7315470399091795,0.5056117850880544,-1.3190470053356,-0.1904651757598751,1.5497091828751515,0.2965384916087934,0.05130193616207035,0
7,0.5214469938595567,4.812156400836517,-1.048256550511273,-3.1211576508351837,-0.020471360914929404,6.6431415561199145,-1.0136972088732714,-0.8349441346851678,-0.6595628073502318,-1.6161732151018042,0
8,-0.8474251938370942,3.4299721205560396,-1.9884085418693505,-2.3207264619944614,2.172521041634364,0.5422189850175283,-4.116131815966501,4.9046672225324,1.5641719612097296,-0.8516456757339272,0
9,-0.5241258486991874,-1.7068080433990835,-0.7245951894065075,2.794580715665119,0.7947528095545868,-4.58720552527103,0.6778772954957273,2.1523969196567605,2.1731118672151073,-0.8283604971080738,1
10,-0.9095813048373386,-2.800643911993574,-1.092155756733671,0.9776184802598982,1.307424615414805,-5.426687904006261,-0.31311523764658233,2.129482573168663,1.4716756374414723,1.3160240730617612,1
11,1.2392988239456506,-0.1812932632194938,1.2161055562740448,4.1703234438912,2.1799884909764513,-3.0744863853391804,-2.7993280377727214,2.9571335966331,3.044106070206806,-1.9849873951374624,1
12,-6.25057588628165,2.9461574249498574,3.5558256835568365,-4.9932571116708235,-4.239387372920193,0.6663543432570269,1.1366405027294069,-1.6896396727155705,1.039942234742721,-0.4047168862898822,1
13,1.7046004887042199,-2.065503828061447,-0.9471990525705729,3.3276512179274813,0.28809956091777256,2.632410428927441,-1.7981631865450152,-0.43764121952318247,0.6696597249495493,-2.964984311101941,1
14,0.06208039280790223,-0.8533627451344215,3.131485539981659,0.8257772838265713,-3.88267755781097,1.729167370363724,-1.1418884264063203,-1.5519221583678897,-0.7905014153265693,0.7695742836260702,0
15,1.1627361026849758,-1.0432169574042074,1.2346909287514278,3.928540392578666,-0.37021164175627275,-2.9095214738223567,1.8660492173052485,1.0430587901268031,0.10993464523018881,-0.573907040529372,0
16,-1.3981267239105306,-2.2886020931789495,-2.889285267495503,-1.4274897083687093,-1.0875617987665016,2.089221056650733,-1.898634292665922,1.0759173808685785,-0.730177620905955,-0.3872741406079073,1
17,-0.778098264078154,-0.4498592423167994,0.932896834928446,2.2449891174556837,-1.3353862129030845,0.6940175215593756,1.2709966512062059,2.225338920184149,-1.8112356798698235,-2.841642569471488,0
18,2.822035127452132,-2.0987511426410386,3.0102618866170525,6.458451710420558,3.0503729610050105,-6.931509721573538,-0.02314836391921804,1.7143101588457643,1.99007582973708,-0.06239510763642575,1
19,-3.08957581948685,-1.6436182012029037,0.2319516911988586,0.9809365880349918,-0.5421670347393797,-1.4670169015265124,0.329891367550851,1.450277430367488,1.057484794451479,-2.918222495641596,1
20,-1.406225274234262,3.1474623823091004,-2.79165539748558,-3.1359730454731802,1.4738052330705842,1.3163848386052521,-3.0963707583585887,3.216054679374921,1.8591776691585062,-0.8400612090034023,0
21,0.7632929191991769,-0.14235726886899824,-1.0916822956484609,3.0277958940451897,-0.06980863373454427,-3.4450898613122196,-0.6005241628377602,1.5843092535603087,3.914502753416507,-0.36080249830679745,1
22,-2.235113729640617,1.1263066053168065,1.4490715283538478,-0.9823997409029059,-2.359603513235583,-0.9303638649000312,-0.2887549568311576,1.3244367964835,0.64009196252501,0.21087919015137846,1
23,1.3205623802055735,-0.5782444300502789,1.483015308406637,2.251533002457341,2.782075805841265,1.1157485577973711,-3.6717317788104467,0.955600379762961,0.6313667646355525,-2.5307984160239334,1
24,-1.5412368605101237,1.1688593299866894,0.2575038569427248,-1.426705865805152,2.1683950002784247,3.5208243722903387,-4.1452379286650345,0.7086226063030402,1.2332419353111839,-3.623451559456209,1
25,0.9411082952703118,-1.7856833455086252,1.1484886765627196,6.068292106960853,-0.5178858189499937,-3.2082659635434436,1.8583409008039848,2.6063232390713704,0.38816870896135813,-2.6847933183093216,0
26,1.4011382647699606,1.524259088242056,-1.3951634079133877,-0.05279009740103847,0.7858664560074465,3.1034712297793097,0.0746760593466147,-0.2663226836544992,-0.5809464334015673,-1.3123173890749686,0
27,-0.1895902199190722,-1.117644559259192,-0.20084250153352734,2.3589969462475673,-1.9570452089929846,-1.400142209092208,0.2908980370641847,1.1864579345271122,1.0892768388006118,-0.6399343938482356,1
28,3.9962360038668026,-3.025933392959532,-0.10582428362817198,8.01268179582687,0.08529736877659089,-5.065233674265545,-0.6714654515383756,2.5373903951419714,2.708437914925037,-0.18924144316317237,1
29,-3.5235167468597717,2.6090791844224817,-1.99431989041872,-4.443749023262711,-5.718939192439481,6.413082801280639,-1.82085760125023,0.7966426028311286,-0.16874127732954913,-1.161025710707141,1
30,-0.5816150332336043,2.0159903408661264,-0.12876279800419788,-1.4128315386159505,1.1818246731718185,0.579124524495075,2.518790137113955,1.1376924033290057,-2.4098320714569255,-0.7422273873844352,0
31,1.5800939816751534,-1.3719576780578637,0.9257909550550316,2.2848637469129085,-0.3139348221129773,0.45410464304737297,0.5325650572271434,0.7116440396262224,-2.420450391610834,-0.2761497923206947,0
32,0.4628468410019919,-2.6186952037316744,-2.0934809498339786,1.8718933713663048,0.2681815310291453,0.5925453242256282,-1.4440549885469949,0.24458602784785077,1.0468074221279153,-1.5016553326312734,1
33,3.0682703384810273,-0.6071092660864532,-0.6661980238019872,3.218853063069736,3.008232411485655,-2.8245242669236252,0.612678203536323,-0.06823871895083311,1.445265526888159,0.24198460035785008,0
34,1.3237355776699193,2.5953454109310456,-1.2239014091874705,-0.11202991794667677,-0.7180185359628641,1.80785068858193,-2.0256785983388608,2.6120656099570976,0.2923057493076997,0.10990742199060755,0
35,-1.2294498448969753,1.5588350583104398,-1.9369276837576281,-1.8508996225688377,-0.7428152872965721,-0.007977877176206585,-2.0666590290618623,2.061345293134175,1.995868894556734,0.4129449313615967,1
36,3.7529415116775784,-1.615680105812729,1.1459225910105961,2.743324629457211,0.44866698614786116,-2.302663875079029,0.3406738713463393,-1.7820142900322327,-0.09450331077478213,3.0688692874910712,0
37,-0.041157510484057136,-0.4762595067229395,-2.3566660629227543,-0.010891363765277964,-2.200718415508523,3.953678068084229,-1.20530246664891,0.5112153796328625,-0.450611795474688,-1.4898976065899245,1
38,-3.2268298016883694,2.3803963587404393,2.2041737803754313,-5.329972174197735,2.738649008555056,1.0292456103895877,-0.688645693794927,-0.986824103301239,-1.0229671091205166,-0.2520184996229671,1
39,0.5357566774269045,1.3768154172104028,0.22944392675232572,2.188169838374289,0.8828151476319415,-1.553181158750924,2.6973277718480433,2.1613616353864926,-0.6629425983737125,-1.710587482581729,0
40,-2.976706170539229,-0.4677699258820289,-1.8726773710176894,-3.7292139064946044,-3.0632957850437683,4.956349831999164,-1.9390485058966003,-0.5240754589333845,-0.796720901201132,-0.8735577132096616,1
41,1.2636142342006456,-0.25203120928423217,1.0619991227416994,3.9832681051352536,-2.2622043784791632,0.5444599786711309,0.7600953970555487,1.5554893751622525,-0.6352108693728735,-1.8909067103623087,0
42,2.0237976321725073,-1.6530294454403327,-0.10402345914817812,3.527892042404303,0.6751420826742065,-0.012640763329497751,-1.9637787810430862,0.9054764366570008,0.8852878773981347,-1.3313323016103,1
43,1.189051504346963,-0.4468933569091752,2.072577918730283,5.589190029469503,-0.14253193509869366,-5.290896168593462,2.940314663839226,2.2544657488487534,0.972065590651602,-1.0919314476036812,0
44,-0.016581224925501514,1.1241607726841814,1.395957254761635,1.7478849758678894,-2.6413037878179786,1.6576938675620119,0.3630441229156456,0.5736189610713862,-0.08280299253991674,-1.7683859854011388,0
45,2.2962531919863665,-1.4767473211122497,-3.271984659295653,1.4228151026416356,-0.5640489840952316,0.8506233376446931,-2.743793222705393,2.7185803899958882,-0.18660700475734315,1.0051127532420452,1
46,-0.08817887235491417,-0.5924870564766612,1.1476808068030522,0.787415472944989,0.07463212336645009,1.668729786379962,-0.6112041427083554,-0.48285632944307744,-0.6783608953039002,-1.6960271291746796,1
47,0.13207791079147702,-0.22152447564174693,-0.9212002803860219,0.5370657627445796,0.6240242203622117,2.300714861615999,-2.5898958951461877,0.17714877355578296,1.3284639173591395,-2.1524375267619433,0
48,-0.6746003264431979,0.8411479180828374,-1.2152813468684291,-0.5160357623978064,-2.1393832454689514,-1.0833366142806273,-0.27107960682236665,2.9312112745168486,0.11158791305284688,1.2365918869055594,1
49,1.4386367604257937,0.17623283430955716,1.6095530229519,1.8384892909266382,-0.009371351283285145,-1.4676557330858804,1.3122733317551525,0.31837939047827857,-0.9557056543045328,0.6769175747222422,0
50,1.9202337953187176,-1.241161174751117,-1.0482361055910978,2.408939147426589,3.6124276974931266,0.7563552298617477,-3.903055683450158,0.6641057247919364,2.1313720330598804,-2.383154686916148,1
51,1.4253067077601278,-0.8234509489095712,1.3635641702192933,2.07092166107818,0.03321901194094279,-1.3091840612114378,0.9647042958879382,0.11456621679170864,-1.083107786292717,0.5552398748469707,0
52,0.694577779358599,-0.045178683930196084,4.09664102552961,3.400636259506442,4.440087589463575,-6.467082384951855,-0.8457057881444945,2.049211583080986,1.9906131395942546,-0.5435950791486133,1
53,2.593865943142272,0.7216343537074312,2.03905623154876,6.374530299744113,-3.334904444910456,-1.9541593928497836,1.6153816960455814,2.039815682677175,1.065823536459174,-1.0859118920025832,0
54,0.26352502348568285,-2.1158815393560895,-0.6311107589964247,-1.1983836551185065,-0.5728106047338493,4.0327891818731425,-1.4033809575421339,-1.9442352466395327,-2.237403500519494,-0.02800179135569114,0
55,-0.648469596940848,0.5339732973743789,1.9750135329271536,2.0800120525599968,-1.319798178622357,-0.23286652483093734,2.4570551885544223,3.2410606276773515,-3.2361595372649012,-2.0962951359370683,0
56,0.688290053126617,0.12453605230829035,-2.164423930590349,-0.08247098570777724,-0.9062941661204698,0.9401101012900166,-2.1038707443880247,1.0593740528795437,1.2973287614624727,0.5320243553497694,1
57,1.3276864892059914,-1.2601098174546914,1.239921938778298,4.788887808351028,-1.5518660304154805,-0.8839817489442248,1.1997832245035032,1.8391494710671559,-0.7777378056063073,-1.8689646052790634,0
58,1.0076004551964441,-2.9090030851875444,-1.013948999617108,4.005498301795865,1.6732957453660693,-2.694496225086177,-0.3816963158202833,0.18246738846011568,2.576050470394076,-1.7287091876055904,0
59,0.1353627666478947,1.743933624774865,-2.4552859419515833,-1.3099535142203522,-2.486382456371107,-0.6347052169643306,-1.2526500717762294,2.087464709862153,1.7539270974466767,2.510812670403858,1
60,1.4949682407955232,1.8517307681725876,-1.6704639835084916,-0.4135650437260573,1.2008271342475603,-0.07323899546432092,-0.30315372634425863,0.4113198206291374,1.128356082845932,0.8458341950995303,0
61,-1.6854643945819734,-1.2900404916781878,-0.667136005840059,-2.519332734302885,0.0639991185612796,5.483713278215949,-1.082643042419516,-0.5832306531929479,-3.515979748543637,-2.256411128311936,0
62,0.5071104943051457,1.2846327690773283,-1.729033178621355,-1.029840793361466,-0.6527182291229874,2.2823428888938215,-1.9633835571605767,2.564815134198766,-0.9738682189634513,0.17818444572493264,0
63,1.906314769688655,-2.1983177592291834,0.2799039203806628,4.111856340851932,1.7059896420663132,-1.6996686532011016,-1.161714247642819,0.7005996126928422,1.2271571617720265,-1.4174846408684632,0
64,0.007907846843957511,0.9821641452887158,0.8698339690472177,0.3647671018446049,-1.863700881431142,1.5356083658497937,0.6580844766772349,0.013312482879997534,-0.7929943432570694,-0.5864664085283442,0
65,0.7297100256644743,0.89967904674223,-0.8976356680010742,-0.44929705660212377,0.8785283385094351,2.585954512962165,-1.9451112503944585,0.2288407639221689,0.19907392324390738,-1.0255654420842215,0
66,2.2277578088736596,-2.0214367902921797,2.285159871249897,6.724665836678631,-2.5367484166278143,-2.471717971218852,1.6587370609620584,2.2689912339218115,-0.9129072581856612,-1.1154638642272803,0
67,0.9229157146515817,-1.83004653337033,1.9610661112436545,3.141078709388673,-0.4094049485739335,-1.284443588834294,1.1442508876008297,-0.4052318859258679,-0.7265669238921659,-0.6401514803985695,1
68,0.40875052796069133,-0.5968346549621534,1.5534641186306062,3.0454964245512657,-2.4652455804784066,-0.0994805127477298,0.39214159221984846,0.7337421431093332,-0.008910588374287376,-1.1761650398434746,0
69,2.5345638111697633,-1.2679626923067038,-0.10864870905150215,2.9740714887328004,-1.9829781129946205,2.8220509996223875,1.987765776949157,-2.167487597081096,-1.6827145273322164,-0.8820120076179278,0
70,-3.801033773164441,-1.5831130339733686,1.4996777873437588,0.6236851052314877,0.1197809550624398,-4.411198930419738,0.631393929139271,0.9908380277368678,2.3653498677093032,-1.7260015418678212,1
71,2.983855562683347,-4.320903191075079,5.521200428523925,10.67842118394348,2.645013158871409,-7.286082602283388,1.317392822887875,1.5706747486893171,1.1152845233870958,-3.160706145702716,1
72,5.197554433651454,-7.437325665578708,5.877457598821497,14.326359430128562,2.937023562498606,-8.40387181339218,3.8180762383639673,-0.3975519707186199,-0.029789038208489327,-3.278407446363078,1
73,2.137841666267339,-0.03347911949514304,0.7999744383848518,1.5978040142734338,0.03328474022739003,-4.844558315897851,-0.6252032032226574,2.0880940542561053,0.7338922855741803,3.8959777236756823,1
74,-0.44372456567108287,1.0614591824735058,0.3898151530508046,-0.6133202156696704,1.0188294565770413,0.6380965987239544,1.2325853314782966,0.517864031575143,-1.455646320777456,-1.0368021399740683,0
75,1.735226610106155,-2.0341451252686404,4.6020067789676045,4.998487508481053,1.0674238590938385,-3.693889292260865,0.7697849944926451,0.10136215917051616,-0.572679996403958,-0.5558219179531659,1
76,-2.9851388967618884,-1.2261581326429973,0.6879231930325767,1.70736331636851,0.05414196562248641,-4.176948482705066,2.2114645633167607,0.5883162798801127,2.5122046027207325,-2.394765093862079,1
77,0.010509658753718343,-0.0885319168665809,-0.5553279456967388,2.2227385409708367,0.4623835605838911,-0.3887667673260508,1.7568555228284137,1.7153054709918534,-0.4734891602710921,-2.5145082811513797,0
78,-2.7888286712868475,-1.9924244675913099,-0.05968178970063487,-0.19642210541355914,0.11261443749359268,-3.4080476590137385,0.0636261270882057,0.9440900559348201,1.4884375800699425,-0.34042955101757544,1
79,-1.8138007439287054,-5.666587813367192,-1.022328011795467,2.662558948465472,1.36789462273879,2.0882112100415218,-3.250877731097838,0.1459252977988521,0.6438496441799798,-5.365711631470844,1
80,0.3058214526046453,1.1295118669054092,-1.3076372133474967,-0.827293299159106,-0.562178217602916,2.6609334132847273,-1.8338696208099767,2.3936524948442837,-1.2653864657787368,-0.46296557253098636,0
81,-1.3114102919492079,-2.64259485325986,0.47917269981638055,0.9641943257061797,1.0127558208656255,-4.819511963611257,-0.9347771930750519,2.326779147462873,0.7709251295799695,0.850971366088408,1
82,1.0277397571010973,-0.5539432896753422,0.3498049515891164,3.2066784770521424,-0.42999998857182054,-1.1851614239311883,-0.4113839350327143,1.9792648309511132,0.6102045431018024,-1.123534012539182,1
83,-0.15973215857971068,-1.1962329728306778,-0.6096699534290253,2.328571222725788,-0.02587035888660638,-2.142416046326825,-0.4149777891024691,0.8549483871059667,2.4480485018371936,-1.122189160705069,1
84,1.6826571877575633,-3.3752400355818155,-0.4735227343113677,2.622323996119121,0.08103375724732986,0.7404352794456562,-0.20844731096854474,-0.06321684201680733,-1.8833092789526944,-0.5095044344417059,0
85,1.0499052703226994,-0.7480025369129188,2.1864816213738827,1.4538426599530712,-2.1229710884033164,1.0120998531029253,-0.6686643890216972,-1.045146110096344,-0.7645839122271467,0.5901235122463659,0
86,0.5664613120966147,-0.733080353054972,-1.6551800879277059,0.8740520257537387,-0.7948069107803539,-0.601731530500318,-1.7845368859421644,1.523855032059732,1.3782424561377102,0.5600292542812453,1
87,-0.24253202544210195,1.1435452077125006,-1.6611648739704,-1.106021734437915,-0.380944973243172,2.5463180839353954,-3.0553689559315216,1.2729707582763485,1.2305994527179533,-0.8613948949996657,1
88,-0.012060752381225281,-1.7446809167427455,0.7028954696898813,3.94055243041078,-0.9680968489114253,-1.6706430890882713,1.2824464100318183,1.2907560225575676,0.3445215906430301,-2.2434550428888356,0
89,-3.8867466135247413,-1.0110528102148582,-0.7679843402638276,-1.8558732912490326,-1.716610566788722,1.2051003722279214,0.3579603790010848,-0.33525181786850866,0.4690213046237076,-2.135265284914058,1
90,1.418979505342545,-0.3940642624492088,-0.9221141318958235,0.6941564623260694,-0.3000958779127798,0.731746211482856,-2.859707564191978,1.2264006034750148,0.6115474806751272,0.7038332105566496,1
91,-2.5586201023537503,-1.4011689582444844,1.0772235285884015,1.9000824712781736,-0.28708816001612136,-1.9592676042970327,0.8688694237399879,0.41228122488112673,1.8290275753463008,-3.1586584237610014,1
92,-1.6382897850418585,-2.426925886767678,-2.263119771348917,-0.5164909524127378,-1.1442536916101318,4.0362868339134765,-0.8807591953741561,-1.7449614096376092,0.1900024327060965,-2.8557527908343445,1
93,0.2851267346940849,0.7415779177454536,2.373573220495185,3.652275595326533,-3.2321733255558116,0.35155854242617124,1.2756346129907241,2.262406353666212,-1.079268335007293,-2.144977866208647,0
94,-0.05308032516731476,0.3856713187379073,-2.9520763513597545,-1.9783841326642793,-2.651614611449822,3.177030514370358,-2.4914162031671845,0.6499004375075288,0.43516386986589284,1.099593363363394,1
95,1.380283328132677,-0.18780147481894405,-1.3518990049161814,3.650898319995125,3.2781546962411525,-5.1655108153773455,-1.3279672788256378,3.3667007091113446,3.9472904874016965,-0.9233731398849265,0
96,-0.2497953624898257,0.8521412641601787,2.8234559972411164,0.32383094762400727,2.1769823680729794,-4.58242364585773,-0.5409167586106263,1.4606522325548945,1.0033806717074951,1.2909529848511685,1
97,1.7729820735830373,-3.682136829119851,-0.7767310787972652,4.423774055939012,0.8514720895270323,2.556639868848389,0.14398978753089198,-1.8757255276299754,-0.25611150551923445,-3.952897811561002,1
98,3.742835567987975,-3.631602910089009,0.4410585251257797,5.10655842444722,2.233249584558161,-5.334199919014038,2.129678920842678,0.4048072768386959,-0.9455335829587027,1.9075055801674194,0
99,2.425575280315993,-1.0212260665620403,2.7665026805489843,5.701693933614351,2.9620343084106073,-8.250323144357674,-1.0060468170379828,3.2388627405194894,3.0134577229163337,0.9073000335886667,1
100,3.587081306774737,-1.2093663858161474,2.5648549459827334,3.441323121091727,-0.7073766495375904,-3.9401213306107037,0.9305877980505686,-1.5760716845884897,0.4154721154956835,3.77141453924097,0
101,3.3862032358784706,-2.448878269860625,3.2241205640845023,10.426414215018152,-0.017928005121686463,-10.596940158833585,4.658797755896593,3.7994308742838165,1.3858773637394415,0.04955680563398368,0
102,1.9330974447919878,-2.9577849350463046,0.9723564952433181,6.499839940641368,0.793530385931106,-1.9032474866283486,0.9542093145505137,-0.8527389260833775,2.0004538229995745,-3.2520647692543956,0
103,-1.2751736335354602,-0.04183635685216813,0.5078682155057546,0.42256291608461916,-1.0166599904265565,0.7045160678476649,0.7551084833449052,0.2273507023448299,-0.19777954691271749,-1.7958555260735278,0
104,-1.955900702849612,4.32072709415571,-1.5288114611497385,-3.471899550622856,0.46579664926257025,3.4070301408994106,-4.198827704562911,2.026814015655061,2.8736305756581757,-2.0528176869116668,0
105,1.360397470009071,2.104386414841419,-3.0488226337574087,-2.30239323695517,2.017477307044338,0.06293796420624329,-0.30697547743210385,1.4527292395851212,-0.2875685691342411,2.0505107670678164,0
106,1.1760528539089612,0.86488330283174,-0.9349847508193754,1.397607492011667,0.8139276523922384,0.13268368210720657,-0.07309457331356606,1.7314775994545528,0.12158205737312766,-1.0250053436058042,0
107,-2.4014875652498073,0.5403815484174468,1.5684975258468077,-0.3092285668972014,-1.4625141591397028,-2.185333787309058,-0.30432734464173916,1.1188115923321482,1.6620667469071013,-0.22659579260232376,1
108,-2.067338888986877,1.14387922686555,0.4200448960113443,-3.359778609723267,0.8760254439580839,2.1780015356120437,-0.06307282381290258,-1.260504355206593,-0.8485207430545763,-0.7760518144430585,1
109,0.17433468714767164,-3.6491167794579176,6.335957610523123,6.471644271693288,3.429050971774493,-7.210286718012729,4.428249258251794,-0.7824871837339702,-0.9092432874895011,-2.460603973258909,1
110,-0.48617766374528637,1.0051119234756438,1.6257498893727953,-0.033266010616766886,0.6585204580400956,-2.732736878876692,-1.3978409531741651,2.192483879964467,0.8864086340807542,0.884213228093363,1
111,2.805473090520966,-0.8057848341027551,-2.8830729019296966,0.5483343313874688,-1.26015891971027,2.934800997530038,-3.488676542231115,1.3547555509262124,-0.45228699004788186,1.4693047810661697,1
112,0.4026344858724056,-2.1574893600522693,0.10593082638389983,2.8369305709286357,0.3720871028786368,-0.8002655190976768,-1.1534797745096228,0.6740678789350871,1.006454612470224,-1.6534177774859815,1
113,-0.16179107824472383,4.862989645458695,-1.6865417890837717,-2.2886992235709744,0.7196383972344218,3.093574997491147,-1.6573169393162386,2.2075326805173066,1.047716656805103,-1.4987331308614997,0
114,-1.0231805251876644,0.6557433000187101,0.8319717622464005,0.3050069774228584,0.7307643685417955,-1.332213679709541,-0.8837883723634745,1.4200008248547853,1.2758725546048733,-1.0716824762835828,1
115,-0.4797547372255446,-1.7741174835441769,-0.20402287709070177,0.41914663030864835,-1.789100518867818,4.21560593866505,0.0392687591492239,0.9440984003720572,-3.9943374361999417,-2.172133602936814,0
116,0.7221307631149328,2.303168020993337,-1.6429181413086678,0.0940515565103136,0.9522236777219327,0.8887615284093073,-0.4083721440408169,2.223406299513734,0.46717970011303345,-1.1467582074145706,0
117,-0.501830618715478,-1.456473325812344,-0.5365332745289829,1.364018002553276,-0.33351701966603786,-1.6066545098370275,-0.6247125563009661,2.367158711815544,0.10364526712522315,-0.46846389547079337,1
118,-1.1100587592203,-1.6084619739269503,-1.1837248486510386,2.056344038419042,-0.4255986192153335,-0.1931151175345393,-0.3649222162658108,0.8259087549223804,1.824599610729655,-2.8814029211873717,1
119,0.2163210198398442,3.1158354655529896,-1.3565174510379467,-0.86648254132854,1.9631287159423039,0.9529871231858262,-1.6881046913713424,2.217725554502762,1.4638978511898673,-1.378817493654158,0
120,2.29852680330755,-0.8421388227784892,2.3282903137686626,6.747807878731577,-1.8954738732006784,-3.0270548222767313,1.924523289471734,2.6991056060391987,-0.24174507124990052,-1.3891152282875763,0
121,-3.1805985503500303,-0.7848195559573373,1.0027936195662908,0.7646416745455853,-1.0971295701407717,0.09931492324892155,0.9857982535708416,-1.8878401263398428,2.6631656370116508,-3.7554557964523707,1
122,-0.20191120594427647,1.4197839014798357,-0.9941187109560042,-0.06798566601468432,1.8588658776663824,-0.3877778841360235,-3.515219341733873,3.7505770852767686,1.6877181296393673,-1.1853622170597604,0
123,2.192849705508281,-3.282119354318051,-0.5892784036509202,5.512680869824967,3.187365814365795,-6.755590718341394,-1.1418952372493956,2.536394382713592,3.239343997178586,-0.01391580081691457,0
124,4.512731800479941,1.2860427488673443,-1.7758175375991536,1.642801728952659,2.5032927869432875,-3.3356733560185448,2.0582535229803907,0.34735009106629633,0.18655311341722114,3.47199226304424,0
125,1.2535806825549982,-0.9030946632398756,2.395147987536963,6.814164538695037,-2.910305274833619,-0.9148309715665551,1.6576192652351944,4.064792748812524,-1.6795889156369745,-3.3736793576013135,0
126,1.353748193383414,-0.4110141563744606,0.7475466630292968,3.4699839419202028,-1.8012167215637562,0.30732321391122697,-0.41365638878406186,-0.32151370930834955,1.6596538910316863,-1.3260308337724587,0
127,2.4721244366751867,-0.8037940872298758,-1.6771720911641204,3.201475955225363,-1.937156588863918,-2.6380836089931545,-1.0361443560862036,2.2700411881546034,1.9387830893712357,2.0368081956297392,1
128,2.8573867619113864,2.397064273386389,0.4554584709562146,2.4621791890141917,0.6715601397100848,0.8441583083316488,-0.7965409531231789,0.9339684228655837,0.9679028111650677,-0.8919643274234469,0
129,2.401267868627875,1.2349054711931418,2.355684649230585,4.033750950484432,-2.6729409811463416,-0.7887306203183908,1.5673743766830408,1.5638678366842542,-0.9179295010443516,0.11386691012388339,0
130,0.8657436038596886,-0.8881179356780095,1.916409790462224,3.078277725723427,-1.2383996325615574,-1.6413031116229557,1.731110405501055,1.291620416214554,-1.582878414095204,-0.24532286427027827,0
131,-5.203731745105515,-1.5819554287717632,-0.9871290993878274,-1.1838571758103158,-2.2737586458254078,2.361544901752662,-0.6433418385961281,1.6687204684485755,0.11453743544309991,-4.591314656966572,1
132,3.4373987359685154,-0.6520939066094977,0.878138988054828,3.7784967024249325,-0.6488806782961736,2.82297706226307,0.4307377953105991,-0.9089792444324234,-1.7943890970584824,-1.3564155314375028,0
133,3.8781775404786885,-3.528855260151296,-0.4705030180967913,7.70202113279503,0.8822359132374428,-1.016950589723096,-1.7013706904810733,0.8974655130494928,2.1093558762920566,-2.809256348045404,1
134,0.2238806985523425,-3.269948738205532,-0.24117833863397609,1.447089824462768,-0.15476355709589917,3.599417475234507,0.652449941655405,2.521685158840402,-6.572964279154367,-2.4746902404146773,0
135,0.37286216444741904,-2.4868144579875695,2.225402347700675,3.2382481331662647,-0.014716259094643469,-2.59048288187417,3.594903251178488,-1.641955521227306,-1.095505770635182,-0.6748897440787592,1
136,2.024693210813398,1.5091809108479093,0.4014316865800638,2.0523509012927725,-0.0964896589155746,2.7662594653785826,0.032727359788349286,-1.450797903797442,0.8434998158148548,-2.0478862444132835,0
137,0.17814417990095843,0.7926103739234165,-0.6868833167204089,3.4191019619270016,-1.4810526758426015,-0.4675991713557288,0.4190897793050745,1.5413579769507346,2.746709173808042,-2.8539771198215584,1
138,-0.5865424393098433,-1.2680779678377336,-2.620970206995212,0.35063136179985943,-1.1405406308709924,1.929930229055466,-1.6322529607755736,0.04413006134066688,1.711817882436684,-1.6162580035101322,1
139,1.2365348504800369,-0.8770127215037559,0.8955291512600236,1.8080188280110605,2.72185395600821,-0.09677314946832989,-3.0935840853850425,0.7247415680295134,0.9433380884581002,-1.37882465644658,1
140,2.9486739355510707,0.452456258584393,-0.5115815438469875,1.8799180941557114,0.5328508170011959,1.3514812764468613,1.2413609358574398,-2.7597414619215233,0.6873964192710761,-0.13559308101261847,0
141,2.704786261788911,0.43388532245269584,-1.2811380697790116,2.264149357842329,2.5789162755186945,-2.320094093790056,1.0401296280373038,-0.559294521638686,2.0588760544661087,0.3541232149472011,0
142,0.7338267398981198,-0.8159902236249619,-1.2838607290827553,3.449991806256497,-1.036196528329623,-1.39402729508763,-1.6318299301760788,2.6008403341837782,2.6006890651966623,-1.38887548573816,1
143,2.6660939668506702,-1.9802340065940545,0.3030303724116218,5.499665912031107,1.2037554197210714,0.301946973508723,-3.1529148946074788,1.4522535700135784,1.7900028291196612,-3.026032202734966,1
144,-1.2353836073067654,-2.062750102377427,-1.2101871518214837,2.7253579869159057,1.6930144396331817,0.7728888094269173,1.289940213376957,3.031614501136934,-1.9109585243054577,-5.298516206482833,0
145,-0.6088488275571284,1.646465053599798,1.3837136625462452,-3.3193556524049828,0.3129011078052567,1.3434996782318431,-0.5988281707185616,-1.1067219062061224,-1.3589216108206497,1.6847845388624827,1
146,2.031568197525646,-4.179500604565751,4.651994182590302,9.790170159381685,2.9905068000042663,-6.7838185238129975,2.1556243659627397,0.8458322176197522,1.46037190714043,-3.9870784819467437,1
147,2.3356751242409044,-1.9837058036460757,2.097612622393047,4.327635596636709,0.4883515045625002,-2.8147563141075453,-0.5055317473661691,0.9022600018139179,0.02391710681943382,0.3339080676395505,1
148,2.555273038964844,-1.2277053651233747,-1.0030357384885722,3.128286056976148,-2.650731289892135,-0.5937439425478004,-1.1963524540583008,1.583660233804749,0.49392142862809485,1.5248255816631815,1
149,-0.547753634414434,1.915817373106759,-0.7409910006849716,1.346585426560492,-1.6249167163724538,-3.3033392745725645,1.4930630324985312,1.601859945162035,3.3359065018514475,0.05215022184718232,1
150,-1.1272274039471286,2.0754814512556132,-1.281688487150451,-1.1109671140796378,-0.771738671284232,2.0555032758496563,-3.7196411865091763,2.5262664148605976,2.2256585889776517,-1.5371761893794127,0
151,1.0333413829317812,-0.8479647727443611,1.1598053299808657,3.9850585054712004,2.6740750298964526,-2.6533556787752444,-2.286051827460624,2.0914091649410365,2.5559357329079155,-2.385270801231313,1
152,1.7687004992058228,-1.3522516423755193,0.1728573479898926,1.2192576757850158,1.9507024639408512,-2.2405061815094864,2.169053442513105,0.31339870537268344,-2.439831205473741,1.446897944276881,0
153,-1.0990980829353953,-4.692180882588714,-1.5537388407922264,3.050534267568039,1.4361238524236852,-0.4240392379562654,-0.8529635398484238,0.5287810893581366,0.9072309024956697,-3.8974914051376772,1
154,-3.0274103814788154,-1.834966802129392,-0.5948887288326876,-1.7255478654132825,-1.7287299235354778,2.937989295500046,-2.280034553458111,0.08937307021704188,-0.23775730975767329,-1.9645009206966373,1
155,-2.0659165629992047,2.0209872626746437,1.5154061531039837,-2.2379394116503994,1.500666732651541,-2.334769353167621,-1.2709288403635575,1.5886578404626555,1.2914973653498893,0.4819792724408136,1
156,-1.7451033522364678,-2.423174061379503,-0.06738125895805624,-0.4582171121339853,-2.4764481042955966,7.154496824294335,-1.7233772290231273,0.5018606261971705,-4.366975984810629,-3.8615156536691355,0
157,1.4609599444703094,-2.1716118526656842,1.5555246436075159,4.198551708713492,-0.235552801654908,-1.0752136251327207,-0.13848971591798764,0.5302068276536989,-0.15899115941667752,-1.2884784667060685,1
158,1.212180256885917,-0.38466328052433574,1.2660314581222987,2.240615955902764,-0.1049016401440428,-4.539506108907148,-0.14318076083353626,2.0470285209388503,0.8552190743118213,2.145566460853292,1
159,-0.1809431244739399,-1.8246124171339169,2.73602251892219,-1.6080496621283085,-3.413032349294844,3.944664326998588,-2.4222091585841046,-3.0760155462823286,-2.313872776740139,1.8173193345055494,0
160,-0.9088874331941605,-1.049905196732368,0.522731858295604,1.8837885147539406,0.19533942586080144,-4.767108304877733,-0.6116853518486749,3.1247753585809868,1.6938182517382507,0.22001809476029854,1
161,2.2360313282687687,0.6083496615947108,0.3982386721412168,1.5058955647417152,-0.07689331699356039,4.284455787921624,0.17051576139241886,-0.2890942204859823,-2.6717495275669814,-1.8341423477884655,0
162,1.143141493418064,-1.0514938789525536,-0.1301593460675884,3.297753424876894,1.2853031189151471,0.30214394178876297,0.5140285760005143,-1.781077862782558,2.0680989169290616,-2.9711094117848447,0
163,1.2875816103914894,-1.3920900558318146,0.05033653867099197,2.484547130498579,0.42120263793343593,0.021945807330447622,-0.6515903790902897,-0.1484276700769398,0.5326656004882901,-1.0553591125653001,1
164,0.07965993565176421,-2.1850513867041816,-2.2518946540840252,1.7594899189367348,-0.35775371557658087,0.8351598489662065,-1.498190090749541,1.6970769009603588,0.3930819859458713,-1.7517066044421954,1
165,-0.9937241241111956,0.832969416964195,0.4628126065471484,-1.0523087377637605,-2.8571118871717536,4.865588561382397,-0.39210536891473313,-0.32767742893519314,-1.9054025582780811,-1.707005697803003,0
166,-1.2444130332237262,-1.3161673341778315,3.010192704190248,1.4744168553610866,3.440823071395953,0.581593748595542,0.8469990831420424,-1.9171604413063,-0.6114544147198255,-4.4622153885024325,1
167,1.4385156879877141,0.7491927729022025,0.3100052685431163,1.6956466319814611,2.0464511263206417,0.13378278496958163,-2.0998102576956095,1.0566484413498982,1.3439795160607044,-1.4182558131360818,0
168,-0.9779123303598936,-0.35665693326045167,-2.5421870940141518,0.2806968579929155,1.3425988543764154,-1.5442837274284602,-1.26513881917974,2.724358350433837,1.9739186605653813,-1.2987606882698706,0
169,1.791317777530716,-1.9573444135461364,0.7210227917749347,3.692691696172916,0.8723810162711739,1.2816617614260573,-2.027577538274377,0.19872181816939172,0.2310145922810951,-2.4946835404109367,1
170,0.8763778202544549,-3.2343910133142275,2.34830182773847,4.8269347077246545,1.322598884439335,-1.0085502021064596,2.386979765327622,-1.919013058629488,-0.6704732709261358,-3.2424073533483657,1
171,-0.23941366680759124,-1.3815723042804806,-0.11922381452486808,-1.2063963260169033,-0.4701413072540843,3.6164163172358132,0.2834752269380463,0.20692710024605587,-4.601149237675282,-0.5296657414372052,0
172,-1.3312982086343057,0.5932772611147772,-0.5134326833226597,-3.3748042389474717,-0.9857852779119043,5.446308898481292,-1.1209042857930602,-1.9004658389528335,-1.6986423609589858,-0.9269981049831935,0
173,-1.7926387969488797,-2.5373412447241446,-1.287217954339867,-2.1743680609409908,-1.2544601202176129,3.7307505221823978,-2.943144540582984,-0.12298064559624122,-1.5211921945261095,-0.6379738244353841,1
174,0.7179090652306495,-2.7167085125581814,-2.6011803703318943,3.639332195102641,-1.1226531091150307,7.576413056806136,-1.858512934780446,-1.7924119817421333,0.6610568416279556,-6.876372892167014,1
175,-0.43621173580873607,3.0170701366597523,-0.6707989958016163,-1.6654573384821498,-2.7009485989698314,-1.6542024187079385,-0.17505329624995125,1.0420063232376977,2.4309126774626746,2.7822566645455815,1
176,-0.05519768732253105,1.560941562534588,-1.1928220525129523,0.20993923953358729,0.9906171993678216,1.255111874323941,-1.7642213513031588,1.1399406093519573,2.0416530739920002,-2.12176437220276,0
177,4.651128901138469,-2.3921955698562547,3.0453125928749682,9.775529678083458,-1.585557229381966,-8.085563648315004,3.212837438546483,2.122926053119693,1.2333539616466065,1.4396139404341595,0
178,0.19536943720614308,3.176510119170146,-0.969892015453481,-1.7624320828538882,0.8248347845237011,2.9932814822340763,-2.2629413079553915,1.495352803282238,0.4087502909507381,-1.0510527741171365,0
179,1.1647329358916774,-0.6483357285128959,3.8518446603715826,5.084639115707967,2.6718153658397386,-8.524975077316478,0.5003616970921014,2.9447712693489487,2.24137947591647,0.4317696807647806,1
180,-2.1083677368082823,-0.8874673713790522,-1.8332648805270157,-1.138381708012285,-1.4455012515293193,0.08341512304545969,-0.6656393686754007,1.7072051347999673,0.25410971682597605,-0.4028572728528892,1
181,3.7674445574909035,-3.759369644814662,-0.10419935680975367,6.781762724340813,0.2688737604238285,-1.6077447233979212,0.6242495724640917,1.4089611527927688,-1.0196335494941366,-1.1771616672189549,1
182,-0.8787677628122603,-1.5711494022688757,0.84929794947298,3.864197411314065,1.7134393665485854,-8.986329799441743,1.0631126415723964,3.9448124313010995,3.1074561389205484,0.05455585315315048,1
183,-0.40246028610859796,1.537242151709851,-1.8884825734188682,-2.0353487330152142,-1.1966200318761024,2.2510876773240103,-3.217029773375787,1.5030732015242296,1.2101960418566868,0.44849211702456704,1
184,2.566945999481515,-3.3042191921401427,1.1508705610336083,5.395668996017002,-0.1836044068442505,-2.631339662881739,1.519414048665063,1.4970458051024091,-1.9416327611931354,-0.14624328113922236,0
185,-0.3109367890960908,1.899827755725311,-1.3318877027604692,0.12605089941065628,-0.7515045770314963,1.2811010384485073,-2.6723930816174,4.283152996365509,0.6152831718064187,-1.4300021807107817,0
186,2.9044617625817777,-1.1882181332640342,0.7452644028439008,4.168514661634162,1.1858350668158089,-3.267525766280447,2.0917221705468565,1.4329560698959138,-1.247062958978254,0.5813434582796553,0
187,0.3075681362242957,-0.2843657271480722,-1.7405993200507948,0.7286759645581509,-0.44024373147344087,0.5331402330971187,-1.3225117727067024,0.639327886314281,1.6043961874134034,-0.6561565252394448,1
188,-0.2840163339381363,-0.44977749786976606,4.410971067754951,2.197980883920989,4.648745663812986,-2.5137025218610622,-0.899806242825245,0.2702494610269117,0.3136209693296026,-2.7794811196994487,1
189,0.49054264803729475,-0.7554672171051058,0.2634402668750697,2.6806829734346507,-1.0948994510434424,0.6062254417018017,0.5624757188461338,0.7447941033122071,-0.28790627209798425,-1.9568998877031611,0
190,0.12392998045312653,1.6049334440247165,0.6423711926903918,-2.3210842613365723,2.279487170522891,0.7058227285764578,-3.660963643689128,0.7591015241398853,0.516983769205156,0.891538703442859,1
191,0.7654292965612434,-0.1923874155141423,-1.735682822145929,0.885420287205107,1.9139071865101949,-1.606347956125856,-1.155863636672779,1.7716734332036546,1.4604045644756334,-0.1752598431095609,0
192,3.099509390895388,-2.496064689180601,-0.26988886889147756,6.712091612411664,0.9014086655362723,-3.047931476264593,2.2103422972846953,2.8249304177390586,-1.0325710368502174,-1.7209490780173113,0
193,2.228992137137965,-3.4169845822764753,-0.5515447979251955,6.18203345599154,1.0819072467650066,-4.604623205263907,-0.18892124566633683,1.519970999002825,2.619171810349443,-0.9928641359790779,0
194,4.09331311172882,-1.1079872224390788,0.17395014271330433,4.056367305157082,1.257510762024009,-0.9663906154387937,0.002077177528772456,0.6021357364244615,-0.7784922905105558,0.5642138236277365,0
195,1.5276762058870896,-0.5889078610658358,-0.9653181028529069,2.0824157286403504,0.9548868566711868,0.6735641620703616,1.0008213072836738,0.7323864219034033,-1.1357670577769436,-1.4237905706031575,0
196,0.30202440173077416,0.6829824268453382,-0.40386434156591067,-0.8318162101295528,-0.3428561452201395,-0.2768974821752988,-1.3798379149569704,0.5862631253204599,0.711369663283584,1.4265672044815774,1
197,-0.562912996927988,-1.9867704889222075,-0.9398444423895542,2.329951720657813,-0.1047963435049436,-0.050765914500465026,-1.7705099081407303,0.3715352024362678,2.5625705873121056,-2.619467902494206,0
198,-1.8877280052327308,-0.9671849216870152,-1.7170121711747308,-0.7195030195739924,-1.9376380407958176,3.1287135230451386,-3.191299471164235,0.320239791843014,1.7538509932558948,-2.159847781635775,1
199,-0.8779039390888124,0.35948119959208924,1.3674078254481394,-3.2152180079190678,-2.712018490678525,5.649691377589649,-2.024965724620048,-2.382849305195067,-2.306718849694752,0.5372200443495287,0
200,0.6012777998322019,-1.1369424123318315,1.032511917921846,1.6426313821007437,-0.9145772001234391,0.2703594531550943,-0.021529943713791466,-0.5003976794220448,-0.4040526503466746,-0.3535334262869716,0
201,-0.6177960612651707,-1.0145005563627567,-0.5156028588394421,-1.1937431032416561,1.008341153557636,2.107355921854211,-0.09672725769146195,-0.8298808480318058,-1.6356252020647246,-0.9976186484742141,0
202,1.0455414612790617,2.757874938672278,-0.9071496516134133,0.6388764480247907,0.5906071466775595,0.18361723399262353,-1.9275640520196673,3.6515587733295227,0.987861012630925,-0.6840417168337126,0
203,-0.07825926461354848,1.9010043471283788,2.6831147079134317,0.7211645245503493,-2.3050263107437834,-0.4953079760977271,1.0527996389907377,-0.13812963595330396,0.18988033087115608,0.36294688054912694,0
204,4.683329759813226,-3.5202707845118493,-0.12672674672112372,6.468499874818961,0.016068258425636084,1.5165617386376173,-2.911976639747798,-0.023012411801655475,0.4625399153081168,-1.5668685990648337,1
205,0.7217377346340574,0.7537767450664408,-0.8308409482797019,-0.323400247704132,0.31302192618692437,2.690449318522808,-1.4981572648692438,0.7697442317160305,-0.7281416180017535,-0.8935018982986117,0
206,0.8939559507454582,-1.085418569268441,-0.0047078404616711644,4.863276429784784,1.7751634750554581,-2.7763612335801633,-2.0879754517325115,2.6520837253251046,3.5423696632699695,-3.0737569585793807,1
207,0.217976052087558,-2.3782956603947323,-2.0069875010305003,1.649926762798783,-0.03671695398257835,2.4029328780486265,-0.47649756113918174,-0.5946313699002379,0.0703569342932997,-2.624892144611637,0
208,-0.8319758540664761,1.5238030435718457,-1.3769568780801618,-0.09880496079653323,0.05825966693314499,-1.1936385317112728,-3.7440251742344683,3.6855618567212405,3.383550468413146,-0.5444937231990625,1
209,0.44046785073527694,-0.9255767387398912,2.6799756210921313,2.656549940937351,1.2834495164503457,-3.187439816262744,-0.48751207273202524,1.2237407836440848,0.4299277072827179,-0.40333424277306884,1
210,-1.1845061281205838,2.2065365318200456,-2.427635218835019,-1.5604482284296899,0.7568157637235295,-0.47812768409997697,-2.6525765871601945,3.597636644019133,2.431274540430544,-0.5267529429847587,0
211,0.2664556594778452,-0.9071240257820771,1.3959382922827372,3.6816238841591864,0.8151516619035176,-4.166923074911038,0.15281990141260926,2.0311325751409175,1.799399665417119,-1.0885744284751129,1
212,-2.152899545677415,-0.6597922650057524,0.2215853983897631,0.5453215139048918,-1.0789826618251106,-1.4046737065286152,-0.7935950300696151,1.6503265739409887,1.544965419609563,-1.3642000937756378,1
213,0.6698117780009922,0.2704649644525261,-2.557218266661004,2.0823006256739363,-1.7539330565365967,1.2237741130730115,-0.32256933582299985,1.1833282422599487,1.9622455211973482,-1.8015085892873695,1
214,-0.3551661869836673,0.4581063963880099,4.13854584099874,0.9040523422736918,4.042886430634165,-4.178984256374492,-0.17095705018581253,0.5703448116690438,0.4250029610910562,-0.4137223198835468,0
215,1.9923681637319688,3.2891215187617906,-1.333618192453255,-0.28034336490245415,1.0290367200887816,2.1406181520246794,0.505503925383296,-0.12636151525632666,0.3638674734374311,-0.4394409599130841,0
216,-2.2052063152705603,-2.593986551946717,-1.928155284376735,1.318566635039638,-0.40125494098685077,1.3885891321387378,0.4808385525952539,-0.27512541920398204,1.0223846463430977,-4.1974790704808225,1
217,1.7437794737247398,0.6564339345196541,2.094519424017877,4.055992551163367,-0.11631239492327694,-2.919142270391265,2.686679767345842,2.258899297401487,-1.1083444863022367,-0.5422936349863976,0
218,1.1501506056241109,2.1680124766928404,-0.5269201098278535,0.6543271952072384,0.846087912572446,1.9603550542324246,-1.0092073079921535,1.0276673457440275,0.6113299943975887,-1.6992137271503434,0
219,0.0884189306287434,-0.23864884105394935,-1.5820331877310658,1.2948322713599285,1.6540303872021211,-1.8959978583045265,-1.0234435503498263,0.8323131770948733,3.1268755411592166,-1.1051942472417364,0
220,2.119954022969985,-1.8033258353315778,1.7807097841404063,4.323597804408073,1.9151966103022053,-2.0644047022455116,-1.5514787577955649,1.0632926599656438,0.7235556744537543,-1.1617781188668868,1
221,2.7352385656860565,-2.613451761879899,2.172797584529331,6.836788290191434,0.593607750026216,-3.998743374164867,-0.8433306680001551,2.0065070572433656,1.3225811423218827,-1.065910715596794,1
222,-2.02484364387327,3.567768353298158,-2.9845175749333905,-5.865666005553481,-1.2394877271339446,5.0007318899663025,-4.435936634045299,1.294535022680217,1.1803537218762294,0.4178290965715814,1
223,-0.7190737621980479,-0.26497193804492003,-4.137618488952905,-1.9337109354952156,-3.4120661883568713,6.955920465176494,-2.725561821494035,1.0654688567278712,-1.1628230882965789,-1.6193126432444482,1
224,4.0945972475727,-2.004614693295718,-0.44036583136952034,6.008314359172945,3.081564764670127,-6.587054023783754,0.5262045652307197,1.1487613330716722,2.985798361806959,1.1144151175669434,0
225,2.362351794051299,-3.1824985431528194,0.12552317279033742,6.130471646023158,-0.2816977278587125,-1.861240180392629,0.9975055720417829,-0.18832427525869755,1.167167139647679,-1.8532871311290848,0
226,-2.0296674231845424,-1.514622013255061,-1.4703225139726597,0.12993333667294862,-1.5535850595101652,3.643252704908351,-1.9298453249283796,-1.394717036978352,2.11576751346288,-3.687746560853688,1
227,0.41959241834909455,-0.02893467811500816,1.7023792952620114,1.5560693606829414,1.2348565095470885,-4.609207044050972,-0.4031171955956825,1.9003830648299629,1.1672264839262523,1.3073158229381878,1
228,2.8089619131448837,1.1418433188186552,3.574949303315367,5.79433806156665,-1.960430110822089,-4.645564960915175,2.903249422431038,2.4200138778320577,-0.17790947497415588,0.8321927277327408,0
229,2.5517786694881943,-3.4615863634748627,3.5220780233340956,6.053295617294898,0.5830941272633833,-4.505165215906334,2.1746413844597163,-0.5554839206124413,-0.7989284631463167,0.1664256456345954,1
230,0.4778775083741238,-2.268199543038853,1.1020050544986517,0.8332418899682428,-0.24604792686483146,-0.16851568895826535,0.43412999598396096,-0.3578857113664362,-2.3447381919730823,0.6749499635555423,0
231,-0.4550939062444349,-1.5476172641429407,-0.32090173091603347,0.9878597722473411,0.6196708060666614,-4.083004681081668,0.3916027044587924,1.6760172065965657,0.7361801075695724,1.0446792618322958,1
232,-0.6636848664540396,-0.9038539362610265,-1.6598135250665873,-0.7989910986062662,-1.7460156003548901,2.6796817510121027,-1.5998699895862645,0.24968679241839398,-0.23262353822516246,-0.5439828952389405,1
233,1.754030245801817,-1.3667508138981923,1.378191785807999,2.2057112597609723,-0.08912036213323082,-0.41734794038084927,1.0835200263561833,0.7583635760679088,-2.9181009644806437,0.4829147300124088,0
234,-1.663741496078715,-1.2196779260162567,1.6527326736962191,0.6086272995648672,-1.019330417638836,-0.054104626278139833,-2.7779415969083203,0.822947059875944,1.2153813505988347,-1.31275321812944,1
235,0.7901976926644647,-1.2804144974423792,-4.209223282781646,0.5440325676491876,-1.0830734079446271,2.1586066772342716,-2.178265708667394,1.1686617429099624,1.2230246416012909,-0.5750061635912714,1
236,-1.004598609151392,2.442737787205486,2.12452262146363,-1.3642239709014925,-3.277006512684557,2.7375692856346086,-0.18304571135015846,-0.9527404458406072,-0.223729097590462,-0.11873057300090706,0
237,3.268584934056554,-3.089202782142362,1.5305292626719438,6.821194729556439,1.287847816409957,-3.619108485823305,0.20554833585378063,0.5638596399575195,1.079464344584288,-1.057592420789741,1
238,1.5396828724685054,-0.6919233993174816,-0.48742824985642597,0.9596625865512651,0.7890442024126608,1.7609011782000699,-1.9564971521492716,0.10621562559817144,-0.2645307281728906,-0.5623957693926961,0
239,-1.6741555226096136,-4.477070772574816,-2.737138775180746,1.0572588602693451,0.8242060058788778,1.347215567184908,-1.4660214212254565,-0.2846977170461378,0.8181175654755135,-3.370347244897711,1
240,-0.2896799073844393,-0.31756438388587493,-1.043977189624946,1.4787212372757346,-1.1739722140759628,-0.2089608785211393,-0.7816113324861942,1.7770065774612644,1.2630667178040107,-1.2176461706552995,1
241,0.12514239848514142,-1.1844968074692106,1.605712777115075,3.716740763019501,-3.106827951247897,-0.34873298964609895,-0.19311676000395672,-0.12096666466106476,1.6827808030249911,-1.5937136627092272,0
242,-0.4361758399553253,0.2803628354954666,0.8044130997507923,2.724482465279646,0.5333355830599805,-2.1344715406629002,-2.2835600929495614,3.2156779807986484,2.6808339503888874,-2.265100378890353,1
243,1.638124251872672,-0.6960798741843066,1.204288524449686,3.0130765055308886,-0.9706054683614735,-0.4224276210634463,0.7829773352810806,0.41125119099403495,-0.7806439725580947,-0.3261310081115252,0
244,0.07632012762100449,2.7814905633550335,-1.86339711461655,-1.7000071819105418,1.207453563958713,1.7760503862927808,-2.0852192027449723,1.6185142137319857,1.3107810100713324,-0.7147858667183009,0
245,0.9447730747875602,1.2844472939524816,-0.08202690586823724,0.6929566414959395,1.7642518120981223,1.2580196537600083,-1.9929743697293316,0.636258460834247,1.2204098923994096,-1.6620956221692258,0
246,4.691044230985801,-5.2010450557068,1.2296547343211262,10.426338515726634,1.4015151334836737,-0.5588095676768098,-1.6345770661797867,0.44755793990197534,1.2122116035213557,-4.7125683024894265,1
247,0.36526054487537085,0.5351433633480418,0.49190020155608305,0.903329049467827,2.402710197912312,-3.247115008660359,-1.4277513932361388,1.3997183873803767,2.360349499158669,0.2050255090286035,1
248,0.8159603497655112,-3.641060757066166,0.9959889804859209,6.269339086250059,-1.5831754520788262,-2.075223889162526,0.91183964673124,1.6940779767017171,0.09697500097286427,-2.6675810853693322,0
249,-1.8228408292787792,-1.7327193674533956,-2.0312854978460546,-0.14335780962517825,-2.0685190827631947,5.8042823857300565,-3.8583375669463265,-0.3250192982190878,1.2500472714100068,-4.124127802914858,1
250,0.15415241136742885,1.6418996857049541,-1.5761702877933301,1.6796877433534692,-2.9265677963681016,3.5836456158516463,0.0065177882347946525,-0.26187942155750865,2.180301657049247,-3.14400586254454,1
251,-0.24631931488912784,-3.1771709773889847,0.6391810405620746,3.3022542016242196,2.3813813440966602,-6.283181104018808,-0.22335505981088022,1.566769526362708,2.3069614940812455,-0.1799165832390177,1
252,0.1926093530424169,0.36281146426173394,1.7655279360883522,4.089996527572692,-2.7296682470422495,-1.3117275709874137,2.020689873185523,2.107896976274483,-0.00602481861393156,-1.9749749071454703,0
253,1.0007544826870949,0.9378370723620324,-1.4541365626092024,2.5079485880395973,-1.3966022862968521,-1.8889628828323144,0.3482841224156137,3.069987491581317,1.532340508482362,-0.15128537982732504,1
254,-0.318080930220062,-2.1122412404035433,-0.14594559954927488,5.047572940433037,1.0362418117723697,-2.4959088307674206,3.3446984725092057,4.565022019660799,-2.3762774581862858,-4.3157257426836475,0
255,2.895878730897775,-3.7573293328729127,0.03705011791433799,6.606054515123956,-2.8140398485757157,0.32846914920429593,0.4207237457668127,0.2567491248828445,-0.36558950063511797,-1.6249059147228109,1
256,0.7548541537352265,-1.7699676157149011,0.1733710536011086,0.5514449103474315,-1.5224930985711693,3.482700009203281,-1.5760684551235782,-1.3604326572370562,-1.3260842980205003,-0.5421151559477081,0
257,1.1361053874536975,2.256509637700254,-1.6595702306988522,-0.7716782933523254,2.483171663803449,1.0407239446987633,-0.5673520971760595,1.1033073178762607,0.27322843883720094,-0.6018482292398031,0
258,-2.8615897813801507,-1.2345535718663854,-1.071652976477257,-1.2445470863045303,-1.289361702087363,1.61845970314578,-0.48909371377313926,-1.5277580549717231,1.6870626189538198,-2.089608604716636,1
259,-3.2832891198172045,1.8842101459414509,0.6939000220931253,-2.5969852870420307,-2.851421909294121,-1.233711811798565,-0.04650333659003936,0.5919348628099268,1.9233748898625938,0.858301999275904,1
260,0.20557022151041848,1.0706442328349555,-0.22115547843733674,1.6632374977439415,-1.5660621672287878,1.7235132888055664,-2.010608391020531,-0.039893651116784,3.133221837768922,-2.162638417565521,0
261,-1.3417900181206033,2.391340176197003,1.8671611970498163,-1.4668435956570844,3.3245660125182996,-4.933453999702399,-2.623879575687842,3.3781467733276394,2.4444230780124694,1.1859529349559996,1
262,-0.7716741182853997,1.3782520740272752,-0.9983261331102347,-0.7893933927431562,1.0616465632244807,2.7535852504385563,-2.456096698789382,1.0394920959208156,1.1536772708498135,-2.6965383790378574,0
263,5.046823900103429,-4.399248874098024,2.814488610547076,8.479435023324598,-0.16217106552856553,-1.7164631638233907,0.2082075433485273,-0.37871714271601853,-1.155910309194934,-0.7265010199195859,1
264,1.524659951874404,-1.2345476478884976,0.5716931753022851,1.9584027456420077,0.32680458089749864,-0.8714567309993568,1.21484442929632,0.23238846640544497,-1.6530457485924273,0.3796643048125805,0
265,-3.6757290594285736,3.4229126830962224,1.1774022393203976,-2.8845757947369597,-1.1457467758603164,2.133868883630354,1.1549905658813735,0.23466888119258078,0.15719542228758265,-2.6787781441173992,0
266,0.01302262542064947,0.16909730654662836,-0.3360352717536492,0.30800940376738206,0.21827518073280494,3.653806110145839,-2.811569188427289,0.3644728109059996,0.36152722886171584,-2.682241855919639,1
267,-1.6681955050457948,0.021187172895310802,0.21395798584122305,-0.16805323280117287,-0.5984696587169095,-5.247733114733693,-0.07430643730272701,2.7050988980588135,1.9328079012081578,1.923247577323914,1
268,-0.9547686744022292,2.3087843491286804,-0.14150394546307155,-2.7259968649114468,0.2951450906926406,0.8879633544217769,-1.9260896512002401,0.5453459845787056,0.9998038160273834,0.597224658955742,1
269,-0.044426014023273064,2.274805889469755,-1.1603932006508064,-0.4606992306264606,1.106045837756072,0.32925005526259266,-2.809668485891293,2.862733126878281,1.92224230394651,-0.9633637011323744,0
270,-3.0131995932783635,-1.381080635376125,-1.7860868559870688,-4.278695201358405,-1.9807255687747938,2.6597078117342026,-1.3020737741669262,-0.554866352209491,-1.2833183260012513,0.8258982788925056,1
271,1.402783240057722,-0.08128355929952269,1.4148297032739148,2.925185100017999,-0.8043736089633892,-0.9466014472136535,1.69662797908693,1.2734474322776645,-1.4804221094101515,-0.42009635765556397,0
272,-0.34782700076039763,0.40506976915404214,-1.2752126110786763,0.5517655180679529,-3.4314273080856594,-1.6723399985042513,-0.3331179438535151,2.585944015465926,1.262232054618982,1.5641991646046955,1
273,-0.08490105427303862,2.3605927784125105,2.039134279355809,-4.222177264895774,-3.9780968202199576,6.771068016204635,-1.2208918001542797,-1.9822170496381615,-4.138871429921355,2.00873432308489,0
274,2.0197483662689892,0.4776444542108329,2.625836889387963,2.2493925460638655,-2.1060237761230045,-0.3771771309382698,1.066388536736897,0.5073754905462033,-1.9991377203165415,1.3631812380798984,0
275,-1.7395441805226417,1.9350304547347403,0.0835092634487693,-1.986368949346988,-2.916913388726823,0.6424553512747788,-0.14079305413491927,-0.26865524293626963,1.4287951578201432,0.7112177924769072,1
276,2.805337352319989,-3.35284780130332,1.4794203179812961,6.2245825949623,-0.32378129256533605,-4.758569937560014,2.8255968553192674,-0.2484656442939508,0.12593484834223279,0.5469767418582512,1
277,-0.7896186310194705,-0.7997498704953766,-0.8802163865650704,0.2165887347666599,-1.73577691240349,2.826344981397061,-2.2024405103792617,0.2985220872663791,0.6526920212380044,-1.810865201434154,1
278,0.5253141327583053,-4.267842950965047,-1.8360986726820028,2.716120762416898,0.7474164837199155,2.0864786182590715,-2.643613443879522,1.267794089762687,-0.7794387825222107,-2.9207570779117824,1
279,-0.3767368256050998,-1.2828821600424725,0.7586081110426703,2.872951246692325,-1.8142625478709067,-0.2617022211621914,0.7061287441177844,0.8069359861119371,0.15343028769385247,-2.0434627755089623,0
280,-0.49521736762423196,-1.1478131038038595,-0.6440568785463466,1.4883975282290536,0.20500716230356875,-3.2699513010860337,-0.9418868217112794,1.3159258717425868,2.7282440955428053,0.017939135292031283,1
281,1.6136413824225209,2.8085561235626018,-1.922742855568937,-0.30126787691383244,2.0537779875182194,-0.38133030885311076,-0.5463725420779149,1.1256440495666566,1.8498693557876575,0.32019036055189387,0
282,3.0332183052576553,-4.024527255418608,-0.309380477335927,7.271832194840041,-1.638468936900729,-1.8630610524026565,-0.30237133403905436,1.4642766951469621,0.8954984977331353,-1.3553532098717134,1
283,0.9460808668058126,4.925472094557198,-2.0798388208550813,-3.1675479319418613,1.3990072239216351,2.6667264888893363,-0.19758961184756085,0.6829550227518211,0.12071349331470538,0.4974640975342146,0
284,3.4681903415734623,-1.6511692550080888,0.6871539657820942,5.99077837739158,2.3469602147737936,-3.760269914430932,-2.4103482929663573,2.175297367989365,2.7640991456349515,-0.7637726328808022,1
285,2.7242933132387845,-1.0883215096688759,-0.5930557787170145,3.312503211601814,0.937091005927237,-1.1925899406235543,-2.6396493406123924,1.4434461420315559,1.7646268783084742,0.11593159603776404,1
286,-2.7075091066271204,-1.1029364323191946,-0.5415576210838375,-0.9472963519689274,-1.513357630710074,2.7013317969539505,-0.9878483762276182,-2.1966609114791313,1.9190680896715566,-2.7645671648456833,1
287,-1.0169981733557996,-2.9656501679490486,-1.5934564927292731,-0.3221191368417508,-0.43045750573269537,6.084964614694446,-1.0500632382285477,0.8314332256600828,-4.536786578323818,-3.6248360637407067,0
288,-0.38525172237888894,1.0659294908647268,-3.286150312281206,0.6739791289411939,-2.495968752582674,0.9380967135812552,0.15431497472329347,2.030999486497325,1.858508301215666,-1.2349779799247331,1
289,3.3539281298685863,-2.515302965168811,4.221400358178308,8.33228548401704,1.2443668750852197,-8.140983168385283,0.3126810692230977,2.9022469344520503,1.5278309776698857,0.4703779495324265,0
290,-0.9525775750113139,0.15422211115368478,-0.49161480113359113,1.0175691098846884,-1.269498694789383,-1.7155566039710441,0.25435777312315366,1.962329686372951,1.320795104354147,-0.5863162130959592,1
291,-1.5311987829194282,3.0061365030466503,3.3307695199803793,-0.6190517210364263,4.4911930176627965,-7.088889567129862,-3.308773455447934,4.748900480605849,3.4102183775163057,0.8573122645532045,1
292,-1.7513678613003285,-0.07577369162044234,0.8274726454075501,2.306439253248728,0.01750905379362766,-2.371799551553332,-1.0246965415076468,2.930481722956497,2.4290948943460453,-2.85753936826995,1
293,-2.2809975756883665,-2.10864364927911,-0.6968317409603426,-1.9677128037335456,-0.921208234429599,0.06061069798160578,-2.562804668982089,1.3538438845313236,-0.401256230269774,0.6567873524392018,1
294,0.8604518967451328,0.6477174790069564,0.9935997213063223,0.5748849238761304,0.24649150735664294,-0.891521010728289,-2.209505915550916,1.630662600110423,0.5621023447492841,0.8667803090113817,1
295,-0.19624938276145754,4.225640873531768,-2.2782672445935717,-3.130031486424643,0.8515339071372792,1.1773461359945807,-2.7123873285759257,3.248081920008929,1.2850736372163305,0.6949672571332774,0
296,1.3613203302873012,-2.7775553971272706,1.7032530983863268,7.517550966627636,0.8914095821031515,-3.6463189671262657,-0.9446533748163756,2.6397238594194823,2.478711869566104,-3.7781825494764902,1
297,1.1715769256788282,-2.1911812155219406,-2.2408530473952815,1.0402234845473537,-0.03134297184723567,-1.0592889937630061,-2.8758676585864835,3.5933201239070875,-0.5481038398722924,1.4367471843986466,1
298,1.8641955381853341,-2.245348343357155,-5.561695864488599,0.14439401430614918,-1.795689175228432,7.308700183247019,-3.175721381094516,1.172449527592654,-2.1500404359965466,-1.570722395419968,1
299,-3.75408427925015,1.1987604117037756,2.929678983791571,-0.9215286720134847,-1.9136037575964602,-2.599398602592742,0.4411499820268978,0.004343431098812522,2.464674660456069,-0.6933586522124298,1
300,0.03224966112622896,-0.6864683522615226,4.273614438518901,4.4015893002221524,1.6200412084368319,-6.547489855283363,0.7580151354430864,2.5291539368608884,1.2205593092455211,-0.7548213881526074,1
301,0.732104488963682,0.8789583668473491,-0.7865773517263068,0.6984581332121459,0.687318287604396,-3.289333734948841,-1.6600383290931133,2.3494419034175804,2.597969320249577,1.512605873325651,1
302,2.7397181933644177,-3.6561421219538763,2.1426433217767458,9.969923162803248,-3.0990365588257833,-2.7365132223697732,0.36862149675410993,2.7718969256052404,1.008270566150403,-3.145335347919062,0
303,2.965645590526354,-3.830009671828155,0.927943460612356,9.170326927153432,1.149671894187469,-1.8508412852137224,-1.172388862631245,1.5455494009727453,2.3429966821293786,-4.824113244771126,1
304,2.4213563445479065,0.23893607458887156,0.020424693518398485,2.8819848460128203,1.4926154723321863,-1.137629292905513,-0.28881118645133885,0.7818663528178466,0.9640868923600349,-0.49378787844616057,0
305,0.46734111011500823,-0.25370618107457055,-1.3618751937246432,1.702824935799936,-1.2295437556698623,0.3469056113666757,-1.0601187804491492,1.6913464248982713,1.1152077689047686,-0.9633798795502339,1
306,2.327512827507335,-1.0146509000891049,1.10782690849584,3.7016025956410163,1.2450761440322733,-3.2881443869560383,-0.8763280969442859,1.1757566354314521,1.3349121169618896,0.5123700533350659,1
307,1.2974984389887296,2.0169082375776295,1.2916058693923724,3.448324441308449,-1.3662740189123168,-1.572467483029021,2.1451486493366616,1.7486669260750536,0.6394226496883242,-1.103086733306654,0
308,2.1303720938877184,4.035892728619165,-0.7477639613227092,-0.5315655632293402,1.3262060315408013,1.8632867050758528,-1.2879994087374813,1.4268448946002672,0.4969122603415729,-0.002441013605886888,0
309,2.582096205684924,-1.4930714175997215,-2.843318689245293,4.34853073391741,-0.4428883245710912,2.221838579468932,-1.584405193519324,1.1658274795521613,1.4435577413764555,-2.857638744010373,1
310,1.6443894376634542,-2.202591984007201,0.5445210891448897,1.3828842708902143,1.0322839913890984,-1.4281021329045445,0.6913255842710693,-0.7723005100456948,-1.481296869304452,1.4146035165887585,0
311,-0.1774440124388995,-0.8937003503756151,-1.8011237188979035,-1.0598508382156298,-1.2628374913855407,0.8618560925857696,-1.082202143149014,1.017368208750576,-0.7616257918479621,1.170287967263698,1
312,1.282033990356839,-1.9641419367089448,-3.979744719797397,1.9955849001437953,-0.7271764548018463,3.5116203633905734,-0.5223976560965031,-0.6122078191554381,0.7378226000922536,-2.5197814622591626,1
313,0.6640211337712687,1.600174440794979,-0.34113620456537064,0.8416904207341561,1.2322976273368969,1.1020269356111532,-2.045046873215126,1.46279326293014,1.4763446874911976,-1.8870498539044012,0
314,-1.8921943900780085,-4.400668301996884,-0.6654840333601363,1.929605366519776,1.80535729101571,-3.605105191780118,-0.9884746235343465,1.4073178613664676,1.4105806208575817,-1.716364328358385,1
315,2.1518690827338984,-1.8827254225299357,-0.8486456216952469,4.515992185104795,0.5203295738345548,-1.1300397046493427,1.2154561738357936,1.320481397945544,-0.26960190850924404,-1.651563325678643,0
316,-3.0202274271862417,-2.297287739288403,0.29888905280324574,-0.014120123032479162,0.5757045468289597,-4.4215760876434524,1.0916395678752813,1.2555361743344116,0.7815250299337819,-0.30363836043758496,1
317,-3.1375510414419034,1.3713503989461366,0.5577532528407172,0.11361259362732835,-2.3848151234153177,-1.1556926800441254,0.6743280106849909,0.8481636095342924,2.9526258794322198,-2.157774033131264,1
318,0.6766684400364236,0.8994631247130825,-0.7254859657046157,0.1067814835869255,2.0591679682929223,0.7188399150080871,-1.1376052143529019,-0.6025356169509883,1.750418681415434,-1.189428122760502,0
319,-1.009788834617707,-0.5864135717122883,-1.6311515002023582,1.2422633875535065,-1.2384515812733854,1.344763779323191,-0.7106999250482969,-0.49808769341002557,2.8245275844102613,-2.8021226245807247,1
320,1.5433459032860317,-1.622278729080139,0.7625220460132868,5.18629103680112,-1.1993066413480966,-2.9323927722808993,0.6226740919349538,-0.018670847080959563,2.7720537789791697,-0.9811797604339755,0
321,-0.7120198743700632,-2.2084970935479937,-3.3931168290562206,-1.7264290969098015,-1.0050948417477774,1.3798817344897198,-2.632378833512433,1.4184309729662683,-0.3846275571192781,1.0771544615734974,1
322,-0.39942696782945,0.001996068923250327,1.9516209486135168,3.0734797109098735,1.4422826358489496,-2.4877292719892012,-1.077088074916185,2.230124104447934,1.9435554140427205,-2.684096970011903,1
323,0.4311253066116917,-0.8999264969551095,2.4628768558108938,3.6082798539666037,2.403415624570787,-5.434456915438333,0.006540875644712285,1.8147042560557454,1.8231317502792668,-0.694461943449748,1
324,-0.4623104401253173,0.6364156988504504,0.5565061964886753,-3.7383137428463655,-1.6915332013439035,4.356702138964546,-2.105965114505039,-4.219113495402224,0.14590341123922013,1.614336914305862,0
325,-1.9624401521614678,-0.22393106080762326,0.16276519479505547,-1.9767474109347927,-1.9864744802720824,5.130780354517384,-1.000327072521614,-0.5732906831794036,-2.188128108023687,-2.119909949200235,0
326,0.1998714322631595,1.0972129967262938,0.8695377945917453,-1.1680544006053644,1.2148605983956193,-1.262883461759385,-1.8140661245145213,0.6444201797261093,0.744421173292555,1.5726540166976566,1
327,3.829471228519009,-4.9822782840833195,-0.2091161208623844,3.6584767687107687,0.6949908766541026,-1.2246761160241004,-0.1398961929185929,-1.2837808637357413,-2.078772336820587,2.204104623441636,0
328,-2.073728220266192,-1.1858966473522539,-0.4077027223346208,0.24203984047627639,0.16229080035929844,1.8349880881684795,-0.350712049374599,-0.18332832586947623,0.40580239599713996,-3.582666294900529,0
329,0.5763683811209224,-1.7007698290257278,-1.0790288628859588,4.500685650358311,2.4620748690928576,-5.226453156211413,-0.19347398004748317,1.1749606371271708,4.921925282513069,-1.9661083362055756,0
330,2.4509459318934326,-3.3675470433560184,1.2036872484543477,8.496997212415245,-0.6408708155671915,-5.030793471990154,2.7967198962093804,3.550546993228107,-0.5716164606127707,-1.9635867424019495,0
331,2.213460857434039,-3.647215886950478,0.40357496270538906,7.418309116757623,3.061447029463621,-6.842574523640257,4.118617619563285,4.345953851073702,-1.9435947131705062,-1.8626236722828953,0
332,1.8693240502150594,-3.0645655550544464,2.7054961076867414,6.697732323543536,1.9872604150264814,-4.210800209838071,1.2601148548595957,0.2920548792199993,0.9519275839012372,-2.417475932416907,1
333,0.5697099494993838,-0.7927120243685862,-0.18634216440177043,0.1514556643693735,0.7203009332298809,2.673294163013422,0.9906032394597294,1.6600482990605425,-4.844798762708818,-1.2915943335336557,0
334,-4.476850099529231,-1.1073645905066787,4.279071343347042,0.047523484888801946,0.4341169588145901,-6.674480472024704,1.3102185794330694,-0.04098806684335754,2.548800705029619,-0.4310888539159963,1
335,-2.5634182706964084,-2.7310387838888674,-1.11893806419908,-2.120346144652138,0.018995023736007477,-2.4081492009875207,-1.825180853219099,1.7609810051127042,-0.07953910777824147,1.6583732837424878,1
336,2.4989267141018723,-1.864876103541813,0.05865181373442241,3.4318934126374403,-2.396275495583092,-0.8862360812412211,-0.167975975934892,0.3634419777765714,-0.10391703668033392,1.4397439814426853,1
337,0.9140736755528778,1.2655203161835273,-2.193101160909981,-0.9251875213080462,1.8074664711647976,0.010103090008172852,-1.0761101870509258,2.5149130650494014,-0.3463907785268816,0.5838280659978241,0
338,-1.2704101154882625,-2.649132759217566,-1.2211090645516591,-0.6329505895032151,0.06888230694502084,-0.6315770913607227,-0.821416829260541,0.7780541751986374,-0.6684108488523428,0.26831805835386136,1
339,0.5194189152896382,3.1240034917386037,-0.42235591170675957,-1.2792856704378168,-1.5386304493458312,4.603683607803747,-3.08763827320827,2.9623146863411933,-1.3115116961040996,-0.8231058181096867,0
340,2.3283392275463726,-0.7711259503979675,2.631005130277429,3.4718597029514564,-2.6286802658954542,-0.09482150113677584,-0.07136627095518633,-0.1561314024917435,-0.8916331546753145,0.8490405709713071,0
341,1.6228464345518643,3.189101189876889,-0.090474199090406,0.0027385860377311206,-0.40091922899177446,4.9029720181657535,-1.507475479475121,0.18820826364863807,-0.30615039274844147,-1.8634272595649666,0
342,-1.8099557296425588,-2.0107889222437203,-2.556579007001848,-3.2634396193073396,-1.7790356278325143,2.5806475455365616,-3.175095766097015,2.2377275359011324,-2.268217369901296,1.2798254168411725,1
343,-1.1556117636775434,0.9106944041629779,3.398188758312172,7.342712766133045,-4.673948322183797,-3.697315167432823,2.3986308853829117,3.661510096256106,3.1473083597553577,-4.5777752815284405,0
344,-3.3719296147596314,0.7141741813377518,-1.1217876021612223,-0.7319077162068969,-3.359288837595083,3.5537644702897797,0.3056530385537728,0.17872142286981563,1.097133331781449,-3.9543135858768497,1
345,1.4720904074823558,-3.2196791546010592,-1.942971060393528,3.92911046262688,-0.9242082024724855,2.0890456715081127,-0.7967529993559457,0.007985483350373856,0.2842682967036778,-2.764333911629399,0
346,-1.2854650915374881,-2.458613050532024,-1.5070697560861883,1.5591630298030132,-0.16705432776102558,-0.7947112868052421,-1.2299244747305933,1.827032615176409,1.1657799993536546,-2.015371526054186,1
347,3.3710617982970024,-4.574375954205244,3.337905395211347,8.147064826205892,1.7300114317201518,-5.656447727555534,2.9188023519190947,-0.538237955784622,-0.4424581646998922,-0.8058290687020052,1
348,0.8352171719721377,-3.78029254651605,0.9781628571380063,6.008451637618043,3.3557955387978504,-7.357722716846048,0.2589906927538079,1.6748413543730347,3.1703245502246946,-1.554754595758642,1
349,-2.0561145517553987,-2.013690027768309,0.12920395654083383,-0.017091502036977724,0.020700863421584392,-3.0097664051491124,0.024214159703263016,1.2815786988685072,0.41119805654957386,0.15723515386691456,1
350,3.054406932439456,-1.8149862500597798,-0.36454014472399043,4.785898431221601,1.9082833183708365,-2.5731447976318367,1.2734209210762986,-1.120982694993443,1.8805655155559853,-0.7624873541175267,0
351,1.5314460548378253,0.4356921536482916,3.2389748412558372,4.360789911760614,-4.321343837976075,-0.8833967185812492,0.5258456848244637,0.490349118447156,0.6912188307347897,0.012851397784005902,0
352,-1.1973141310773299,-1.960959151850427,1.4001403810305384,0.6709054293008323,-3.7874437440384514,4.174948316702813,-1.671167849805598,-0.8488265448821151,-1.3722558229311361,-1.9493064921756507,0
353,-0.3106587585677154,-1.8753196622604533,0.5084499935489555,2.5639473654901734,-0.21950410373123064,0.5379878633182301,0.22927814835489813,1.1916481307912408,-1.0704570926070407,-2.758315756635585,0
354,2.469172562132707,-0.03876069991923292,-1.4003207572476677,1.0876686203242778,1.9098844763198657,0.37266301288458104,1.0506052489440627,0.4829671798103151,-1.6596512351832495,0.23166507786569634,0
355,-2.2212304044753086,-0.6389742149138323,-1.9391559062484816,-2.9469988439194035,-2.779733099912082,4.577760509305174,-3.3176215624938292,0.43668974715295283,-0.32858043444173113,-0.6545568148388569,1
356,1.4818772351467877,-2.687258715112529,3.307143021066394,5.558229621002353,0.15708726592623046,-4.986561456592186,3.155985687954666,0.016888625502365362,-0.5381858038293723,-0.28794085508657696,1
357,0.701779067121468,-0.6949810166086516,0.3463201559456146,1.5687094582751886,1.4158301861626168,0.3757748516657791,-1.3337838500478716,0.06610224453699343,0.6663830759468308,-1.5776457996308353,1
358,2.617285328601678,-2.944768798980344,1.0843372473131483,6.8423119051687875,-0.5049158192593033,-3.007352492607931,1.2058241694304583,1.9790101783034606,-0.2614609430047804,-1.3919190333406486,0
359,5.091423985868055,-3.454251421057296,-0.021669963461288244,6.124761526289047,2.035501226334711,-4.179127447047441,1.3864648359663914,0.39726989546115854,-0.7028053140871201,1.629992819684675,0
360,4.147553037004752,-1.586655625134671,-0.46154028796151947,5.8903031586104175,1.2915804584413277,-4.188798929427463,1.9115132672833894,0.7910848715082901,1.0777890881270982,0.5491492456400897,0
361,1.5223004543725551,-2.7791327541681254,-0.1789271773244876,4.434457396458468,2.87921161289193,-3.56351446707207,-1.4696819798265959,1.3318202057618307,2.3747598352421484,-1.5278190410959342,0
362,3.913028116017216,-3.752356298491254,0.24457000443164179,3.1318024989280726,1.9627909692131218,-3.201637707001576,0.3803164078855158,-1.691962755258304,-0.7881586690796621,3.1207027274544785,0
363,-0.7764275656808588,-1.857352972000331,-3.1073341490055637,-0.14087140501653286,-1.9370579969510189,5.756092654854198,-2.4285758497349006,0.129748841608204,-0.45655883953681675,-3.1058062623237452,1
364,2.144078760364957,-2.386036784395511,0.3802487469709437,4.933006514613586,0.5634796272514515,-1.0208636051020132,-0.34608589195864625,0.9388449306822055,0.31867772567700847,-1.840582583698449,0
365,-0.1765188435903431,2.746235271139928,-2.4178444956578984,-2.319199564156079,2.3279425602009733,2.1158102835382753,-1.1340858597912098,-0.7345747858718841,2.3632550654047293,-1.2879975645012698,0
366,-0.13126524918370897,2.746866997264481,-1.1062506539944807,-2.0523584902068124,0.5358480383400167,4.578211279237585,-2.4219410804615142,0.3781901401857328,0.3026060606537643,-1.8613341351716557,0
367,-1.2526130793364425,-1.7354673217066363,-0.16754160497568404,1.41388637359223,-0.26946428970514436,-0.43851584674740374,0.06863536488876743,0.3176466208559452,0.7702065848443564,-2.1069051987815604,1
368,2.2772414170504076,-0.6621579368542281,2.8998896819577946,6.130525093395798,-1.3126753686138157,-5.959025522736347,2.7771972900079827,1.4813018329999426,1.1216796041268724,0.7412812568929346,0
369,-0.49586283700972045,2.041538284727644,-0.4854112124393667,-2.316785540556757,-3.731637692701933,2.836793479838987,-2.1173741709162197,1.7114741991298263,-0.7811622998063117,1.6068804255639213,1
370,-0.40721802485827263,3.122247617177645,-0.3529340815040489,-2.5936753974034565,-1.2664546394347624,6.852467239532912,-2.259123108748346,0.10660804600893092,-1.3192630507629164,-2.0813279308481842,0
371,3.363439538967562,-0.4199186098401656,1.1624379940656306,4.198398475800107,-1.1247418494406696,-0.5730425398347143,1.124000217605416,1.1339831827215034,-1.6353604666128492,0.4491238093233476,0
372,1.7848646446578795,-3.384853066768489,0.09180533343732455,5.589646545674713,-0.8624464596615817,-2.209000058432557,-0.37244267807471165,2.0576890463712814,0.357418788368172,-1.224425630809894,0
373,3.445898297677339,-3.031632169151801,0.8905159502204496,5.177082173763182,0.38973455312380834,0.9196627097969989,0.778065971769129,-0.4177798029954396,-2.3045148291254023,-1.531680866375472,0
374,-0.31679611222576853,0.17229264508326114,-0.3080099816357822,0.7191915940878819,0.283102422577872,1.3406492131508223,-2.3595942638551364,1.3507249133360573,1.13154820164653,-2.105072058925316,1
375,-0.7966655729075112,-0.6478835320110763,-1.531764548623063,-0.706300788526576,-2.0643106883374296,1.092327818811513,-1.993126760803177,3.3454690347399807,-1.3535427617382347,0.40594259604964034,1
376,1.3395987014439215,1.1540419671757545,-1.2360160409899112,0.871663234809006,2.1694484300557333,-0.5402068961553167,-0.8476159847940415,1.2665344387214255,1.357521060821427,-0.6473436649490751,0
377,1.009265570570233,1.7307403114586934,-1.231309644143864,-0.1253259290169364,0.2633700363019874,0.3851668707431298,-2.5326587553245705,2.5125939831990776,1.0706144583827863,0.41260520732114925,0
378,2.459967731055216,-2.901061640581288,0.46931072176884636,5.700441221025948,-1.2956050727819206,-0.07736314229503259,0.48572111926885264,0.669505713355302,-0.6529643623070074,-1.8316052139167551,0
379,2.3949687136170588,-4.267323031920266,3.1637572611607303,7.455665217939841,1.638736670140069,-3.746564361619308,1.9245035442562983,-0.5083651493368755,-0.2688601033043696,-2.3817472862021263,1
380,0.052547614725393155,-0.7535425013828142,1.942935847216685,3.2089672511580165,1.537872561678192,-1.0864219257670342,-1.4226008104497976,1.430563810161523,1.1753668261308878,-3.0137315242493323,1
381,-0.4714881233380275,-0.0025972557260874884,2.992432043856347,2.1480870453529155,2.891172788520083,-4.645653603770546,-0.5952553207679134,1.7017043206779938,1.7311756119467063,-1.0285710451537162,1
382,-1.8310830946267038,-1.0965781833420805,-3.246835362890902,-0.8289481463248749,-1.9444766221587795,3.7716239975947135,-2.0912052487919612,-0.5244879421258317,2.058290069219324,-2.618468713653958,1
383,-0.28447085594516075,1.9436104445363354,-0.7700190453111069,-1.1101222411831047,1.3188939067744267,-3.7554521059581694,-2.3903461629226532,2.757856091220616,3.199893281430705,2.0333447797506055,1
384,-0.7960129011166384,-1.4325487425757197,-1.2755541642823593,1.9083736293855222,-0.3205603677046127,0.007197937367504426,-1.1614978652895551,1.292811759151195,1.7693510132430903,-2.551844376621506,0
385,-0.6913239232021082,-0.692026107550233,0.35468432974244213,0.020964393475441507,0.22229649657523964,1.3904564199998088,0.20328094183210466,0.10366992838639055,-1.4239498724696795,-1.5392180520383012,0
386,-1.9176018643005976,-2.0221183395561457,-0.5818450498723706,-0.026294689592978385,-1.0588757937998656,0.5894316602617754,-1.3986377084927861,2.370464985130786,-1.1418237134781881,-1.3545197164305662,1
387,3.8508134117258064,-0.5166561829207269,3.650967722764136,8.935808357775556,-3.6196297255523495,-3.9760535845728016,1.8191647105211624,2.6675539384321754,0.6230961251395615,-0.4618753063838761,0
388,1.8770563919506618,-4.724094672163483,0.9115208555608577,6.96866763378741,-0.15006149434333071,-0.7442444152803516,2.6734258591739763,-1.826689300796572,-0.22863831261477907,-3.642300502952126,1
389,1.0695212263095821,1.1988046636398781,-0.5659518485242934,-0.5969586182803589,0.11643329142645753,-1.4905817788952682,-2.889417551066416,2.2827930588803618,1.3116779442278856,2.5033263410492497,1
390,0.2732653146737579,-0.26696450669124383,-0.5832826019155544,1.8550891208001286,2.550740337942532,-2.0763992547839587,-1.3182451623012872,1.0722672584146558,2.8102651963335634,-1.6885930149002761,0
391,-2.696294639934697,0.6749025306045064,0.31745508298902525,-1.1631135650264866,-2.527236519347654,1.7088849857086172,-0.992789396282506,-0.7192468336748283,2.04229208485095,-1.7412976262683262,1
392,-0.6647130206355569,-2.7787777555950877,0.5779749849726172,4.751093454399503,-0.29925120603688127,-1.3485186199254962,1.794357838822219,3.3334864810308953,-1.7253528874335915,-4.094156816557307,0
393,0.44277949133923955,-0.8704733943792691,-0.9503932661392709,3.099304642956965,-1.0179194338791722,-0.43533029300947473,-1.0911943910571476,1.8290227859038237,1.894350309202009,-1.9187100738341347,1
394,1.6243212434109249,-0.15875547150444602,1.2826914093890913,3.638590567655323,2.384079601991279,-5.5593781172688175,-1.7824007620455646,3.0000622274211186,2.8842729112044725,0.4511642901851465,1
395,-0.18544077859051167,0.5073805536443545,-0.7796805886959056,0.1853999501346742,0.7241222245481911,1.9756254871428178,-2.427225572279997,0.7664132209841785,1.3458123493947598,-2.1644885815207577,0
396,1.382002000608583,-0.5981247828985724,1.2507112417686623,3.709270610284399,-2.941796521720393,2.1644758044645664,-0.09304507242027227,1.1898251810069571,-1.3352755415840827,-1.951959328541636,0
397,-0.367972245591049,-0.00924064186320217,3.9367036765101338,5.989623368434667,-3.5146177300607464,-4.389463299395555,2.309731555377059,2.8650311652759592,1.2582717742828429,-1.9922229393560456,0
398,1.9718251440815382,-0.23657131609746673,-1.0587562804027917,3.4962984687408545,3.394700479545935,-4.681312151541978,0.41291896507961656,0.45787386605166747,3.9624519467151322,-0.5317932073141722,0
399,-2.9090729223801093,-1.5847985999912582,1.4045746568971302,-1.437905817725037,-0.9932124574539054,0.4244434111014326,-1.997926872146798,-0.20283273672943314,0.22928092749546092,-0.7764456611385157,1
400,-0.5266217037583487,-2.6118990836530953,-0.09583661489856987,3.624837223880786,2.2309356418971156,-8.401185097172554,0.2145950563853729,3.243554365242898,3.2946743769663778,0.28640613461168907,1
401,1.0018942561351836,-0.33259724793460366,-1.0608881307663833,0.7156157039307609,-0.0037710592991688774,0.6521944357801883,-2.4555192087138016,1.1461972650565966,0.8834233680089193,0.038236162081947134,1
402,2.12931439095681,0.43830578105221285,-1.6719029093876976,0.7338858321716878,2.558226312446717,-0.670671035712502,1.1850699590498102,-0.4876068331591259,0.25688780481814066,0.32163978167758467,0
403,1.5351800170807444,1.6298876199992032,-1.0674743247206704,0.7682983248309107,1.7478675987913341,-0.8819888528528612,-1.0493923795951272,0.3012766716712443,2.672244438960683,-0.02542827948033688,0
404,1.2597140481972573,-1.0485766332639193,-2.3823791066870372,3.316991183072857,-0.3039657875999844,-1.0172902966919568,-2.1436906066966657,2.3015113263868905,3.049769408086508,-1.3199941258777217,1
405,-2.1321226720959476,2.251440424661398,-0.6803456389834783,-3.4357041818026217,-1.135221115997454,0.6242581357420909,-1.8599028229511347,1.668933194487169,0.8428510482928595,0.8929533917904375,1
406,-2.167905374566497,-1.070960353613619,0.7005352694998872,2.245841804542267,0.07220146401962735,-4.402435757871155,1.302347291819523,2.2793247299424504,1.8428421277578817,-1.8701636569285345,1
407,-4.258953907802685,-2.1142282952679468,-0.3307582509677143,-3.3363382290884727,-1.0312185001140322,0.032164746390200775,-1.9294087288991464,0.19930245113233758,0.21855686330965862,-0.04644580112397956,1
408,2.124378952804807,-3.1122919895514203,-1.2951076959225767,3.0979197636619205,1.5230295410179497,-2.202723918942376,-0.13535601663056107,0.11631367945551374,0.4865578125511486,0.35809480995323373,1
409,-0.9476669117552312,0.6522375729100449,1.3778742208933794,-0.022402491956520255,3.146543709964157,-3.0437325398706827,-0.7627496824301006,0.8724873338719212,1.7994817937326162,-0.7406550701239969,1
410,-0.6356141977688363,-1.0669741255060095,1.0076368479371836,2.883690612265278,-1.2315023319382223,-0.9589717478451358,0.6442090917368286,0.35070597460167396,1.2204013045503133,-2.2656174068739707,0
411,1.5269624972661187,0.7935596253614988,-0.9976974172019375,2.0799951687345453,1.175403779898808,-0.83247503775697,-0.34872139937686486,2.0698590394306793,0.9167106326936068,-0.9323704839390875,0
412,4.3081463412033045,-4.603030891914571,2.89090124540072,10.137253840555283,0.08318844723519281,-4.789649799013153,0.7919048251008305,1.1633695706896479,0.6694387370506143,-1.548988165270492,1
413,0.6462554173703396,0.9910231269268474,-1.218189629878727,0.502888481281595,-1.2595146652630311,2.4047795893787036,-0.48454922403806444,1.3900942721764145,-0.5429554385659829,-1.0631344705367112,0
414,-3.08314471189637,-0.9159642462637345,-0.8438049893714568,-2.5498062831894046,-2.0952317134345444,0.7520793964743995,-2.1301178139235075,1.7976168161126076,-0.21196153992256694,0.1659177756120267,1
415,1.4222805883222993,-2.3154734466576268,0.24175574841007608,5.014402154194014,-1.3200058798991376,-2.953694845419533,1.1955066270708143,1.1679240330168352,0.9774224984946485,-0.6999529082749468,1
416,1.6468179595491808,-1.5461426800366356,0.9547732246740734,4.234549842814452,-0.3322049584288995,-0.8188929657930936,-0.9430637979897912,1.259921627770559,0.5623917430763816,-1.444311388634514,1
417,1.8497638658938143,1.0851695947823181,5.4230268624149796,9.43334874838834,-6.239775810541406,-6.152144867814258,2.1469018756590605,2.1726932409091546,4.470700843540701,-0.9076229802261297,0
418,0.6273837138898603,-1.2314226770415746,0.761672932701781,3.5841160457501013,-0.5207495996832427,0.7402115742728875,-2.0525855717207104,1.2205105629636646,1.2027839743800133,-2.8531039986315254,0
419,1.367922554093558,-1.5241431337569304,-1.3389906651562478,2.619762664549185,-0.5784726249516237,1.568485638411358,-1.4443533727073274,0.4869104334618547,0.6690227343281575,-1.6682864312963908,1
420,0.9169822163856145,-1.4354979033011634,1.2765298693699907,3.7913810555819,-1.1750889602375776,-1.295171858098864,0.5941745979148233,0.6134608586454875,0.2903944755945649,-1.13632294313961,0
421,0.6276042910495858,1.526559480458391,-0.9664741529441353,0.9696669503573542,1.1849431773654,-0.9699791962435214,-1.9538213847463954,3.1189195768949514,1.7224178560422065,-0.7815738144909163,0
422,1.9146259165260706,-0.8217902444813027,3.746696834432325,2.836380265124363,-3.0053806323179444,-1.8312205715733303,0.30090050120579825,-1.0134694499016206,-0.4219860965338189,2.475921339437635,0
423,-3.2515862454010764,-1.043361262546359,2.9350610738095155,1.5145187070269859,-0.05497002090853231,-5.025456555906352,1.037982326727319,2.15584421765607,1.1908880764978402,-1.54029266765721,1
424,-2.1530301859966463,1.3083287091304303,0.12380474645129658,-0.8713612247729198,-2.912110280638877,1.5468349893938984,-0.8770394286832504,0.03979759778915393,1.9267826495671234,-1.3370773309960833,1
425,-2.2688214451604614,-2.859878237984729,0.3653703719600707,0.4072075161420061,0.7710844824732617,-3.2962432026247708,0.07972500296381457,0.963135224211815,0.3980083802259131,-0.4907814923881013,1
426,-0.008874835343785747,-0.5507532838125442,0.8688494095561266,0.9476483583731953,0.5057198041020694,-3.3817722395120655,1.0046867997686206,0.4350660766925597,0.5643417613993795,1.0373630432471463,1
427,-0.3130215737820943,0.3487419815541135,-1.2080487935768747,-1.975185631025476,1.1733726280948626,5.2875864015630265,-2.6725003675494654,-1.279469986053086,-0.33082807174485107,-2.260002878435756,1
428,1.1817161755588887,0.7835939413898398,-2.478067829715771,1.3842243472323421,3.539981328967443,-5.178764132222388,-0.08036935486544916,1.4061423692494581,4.486272413622869,0.6721351876833221,0
429,0.21889409230304757,1.4152784418865534,2.8827476552125413,1.1329970597204368,-3.313767430454991,0.4695923088184526,1.0009130321030721,0.4131523489163408,-1.2190888310819408,0.36594318321906605,0
430,2.537449159515212,1.9171158196799831,-0.5115114211450165,0.5641177607199934,1.53717474053696,2.5726104366819937,1.4508249594262628,-2.9235051288404375,0.3020355177504701,-0.8716262935218944,0
431,-0.12766565290678278,-2.092176689455509,-2.529588314511229,0.7494534949746859,-0.431725727455307,0.5335865310756583,-2.544981292791106,1.7933805388707396,0.8986136425351967,-0.6713567399527048,1
432,3.4094627764283354,-1.1213620129512116,2.00631523590587,5.046064310752651,-1.0163032514386785,-3.347850074572519,0.811685293583351,-0.10325273324886619,0.8952623248384246,1.5198530948636133,0
433,0.8578719207558791,-0.6988797642047353,0.30760988210305507,0.6880453859158912,1.8857469490047647,-0.07713762034095391,1.9863918189604703,1.8401145247232351,-4.237815068593275,-0.43792090857105104,0
434,-2.0986992950632244,4.735800086524797,-1.0173598961378365,-4.228270616579252,-0.8356593116572741,7.180597064024393,-4.208500586218301,1.8737835903900202,0.24877417221289277,-3.0978828305745822,0
435,2.1089665372820434,-1.073398303508198,3.3781600914651397,4.020721499103924,-2.8777300131964454,-1.123626213215249,0.3300633891526795,0.16088357460099534,-0.9973530834110207,0.943566480913764,0
436,1.0758725114708594,-1.1037589140212805,1.2229783356919788,3.213427640565897,0.3619661007399434,-1.0230614649362455,-1.072074917967837,1.0069884309537058,0.7150927030924709,-1.2972511029826252,1
437,1.931950564633301,1.3968349654365433,-0.5609169546357309,0.012903280548558261,1.9537582675242864,1.473362393864732,-1.0019310067642124,-0.8741566786120749,0.6788100165111044,-0.1835090834447649,0
438,-3.1268430514146965,-1.3377499256026126,-0.4075763137877638,-2.9499803600075087,-1.5075182192885601,1.2722079472977035,-1.910591650362807,-0.7349111384936347,0.5000779265875213,0.033208715175108594,1
439,2.6529436202702144,-1.0743582778526375,-0.08173171392528622,5.332654768331656,0.14501873819668643,-1.5035356127648014,1.355999917579215,0.029105905819730937,1.5107540042683705,-1.7410753282600142,0
440,1.7076557584505687,-2.31397846489289,0.6370978054417002,7.278247678628879,-0.5037968446739938,-3.613386545241461,1.823861155630266,2.5579947892941224,1.0695269323325944,-2.815231291442519,0
441,-0.3902140741971485,0.9299436849572691,-2.1193453057059752,-1.6779550091322484,-2.579656875390551,2.038452189512316,-1.6140018339514528,0.47596669772586286,0.9838494195552279,0.9597534140828832,1
442,-0.5739355979871812,-0.5028163427694119,-0.7011120951720671,0.5220051178518073,-1.406719420732107,1.2870557315038367,-1.1062595464212215,0.349869153694753,0.8686105562772529,-1.2197518438788217,1
443,0.5951549464196235,2.3435140193223862,-0.35572691808016654,0.13554348384155032,-1.097462123139521,2.660984866551481,-1.7969142587018687,0.7641046078088883,1.2042116665830362,-1.2135231915940388,0
444,0.195762202088674,0.7572825583447107,-2.6156341641538656,-1.4013591583165692,2.369102140605156,-0.26640544210474526,-2.0725200744348227,2.709033857642524,0.41787272544180043,0.30007617519812047,0
445,1.1190847463236377,-0.9603689513414063,-0.9031907901882104,4.637318278738443,0.7686242099031984,-1.7387799429951813,2.716048865188295,3.0315145165442074,-0.8812997156693884,-3.0149374740539137,0
446,1.3752880600291535,2.735931648393175,-0.0714262058267644,1.150164877784336,-0.2998115073106946,1.68176967275094,-1.5997508116365062,3.0720451533047672,-0.04099550089340687,-1.2450220241868977,0
447,-2.016822508631164,-1.3491351964014213,-2.156493105600984,-1.1396800718836408,-2.0888935995860756,4.208133283812861,-2.053424066602152,-0.1367765839686279,0.29572317219551414,-2.436206941310873,1
448,5.40362673980269,-6.368821540249464,1.9925372618015764,10.946075046285687,0.6950826815399604,-2.068277451966111,0.9933859554933866,-1.1504869050195081,-0.2064678239856801,-2.8580056739024995,1
449,3.8687348536586765,-3.23510588830998,2.9301657750238137,6.055402422006829,1.5566408268733043,-3.2449109026261733,0.2516354339603317,-0.44605897482192436,-0.5850023981292762,0.33229205005579354,1
450,2.025779206460232,-1.285567318138281,0.37671891605594565,3.0374622764392476,-0.48166538910067114,-0.6406244177622422,0.7406882220648606,0.045232278479845234,-0.533975332355834,0.02744051844067208,0
451,1.1762996614967207,-1.3648395042450427,0.40755844948755793,4.734004374667747,2.733294204172193,-2.912524294737418,-1.7873774537519793,1.9170461130154273,3.0905465176645692,-2.9004018036916595,0
452,-0.5381918127938099,2.5455843342888738,-0.7973640974772972,-1.0238467977507777,0.38375411649102475,3.309895639199515,-1.8427118129909634,-0.3916217726786213,2.1320431428127273,-2.55861423325345,0
453,1.7828844304857143,0.1552808832456034,0.1695132775299102,2.3741140698203003,-0.3138129692574445,2.065838563946487,-0.6536491048579214,-0.515631226835745,0.4570243201970876,-1.7089796313727854,0
454,2.3226532624714906,-2.6609961910303177,1.4757106830323912,5.504942055941037,0.13280677309370925,-3.3636873986426656,1.689870068317552,1.921840860826478,-1.4081681685662784,-0.39899662810045644,0
455,2.193417511481936,-3.118951599019074,2.8920409023270937,7.163273414381714,0.4422876519918377,-5.56604977816234,1.942699728341013,0.9215402916511828,0.7484667224256364,-0.892207918898682,1
456,-0.43608291016425116,2.509184472857178,-3.1400468708772586,-2.5734921143351315,0.5023953335835907,0.5647115223241712,-1.9476300733765308,1.9469194503953726,2.001048843785516,0.6754105706158553,0
457,1.7582922675497414,1.4241733507940628,-1.144597772311308,1.0287328401495663,2.268917636737963,0.38066239759535525,0.7307394520826167,0.44376818814387275,0.2208781776294314,-1.1104836504864934,0
458,1.4087750652276856,0.06709581162495404,2.162770973340142,2.9459070616932377,-3.413480919403147,1.2438968424479844,0.25399689480417,0.5895921980555312,-1.247568569882509,-0.3639685176253874,0
459,0.16251489860885127,1.3095400185702446,-0.6780724660360431,1.039689734142456,0.5488092969188111,1.0782031124461913,-2.2928550176799263,1.5787867712308772,2.190442979034787,-2.2725870784646314,0
460,0.8494800379683975,3.0548215788612696,-1.8449374267707284,-0.841933810617638,2.3583542437895844,-0.5193219502306152,-1.5759114061146837,2.454009282940922,1.8532084803182256,-0.013542486783452379,0
461,-3.472250025331189,0.9485724737518011,1.5587027224367858,-1.7078781602518966,-1.3783120741738928,-3.8019372847028454,1.9010070316294199,-0.7585110351850408,2.4989280317170666,0.7746065331886329,1
462,0.6190882858904538,-0.6917441495771663,-2.510488174995241,3.315006036860556,-1.4986677036291716,4.0371478894466035,-2.595473353990598,-0.22031188621422104,3.563739652400437,-4.77012009531607,1
463,-1.1680610679849344,4.164497029436975,-0.9966525622038935,-2.2969833323569118,-1.0388231234719494,3.5281615355953497,-3.5780851574399883,2.015108626523495,2.3099215530194552,-1.651339121606239,0
464,1.067224632156246,0.8107112948595787,-2.301919248177141,-0.05770252546085279,2.19353133439923,-1.8636008407385325,-0.9526857818347222,0.8428128416651703,2.479450499475879,0.8140838561893411,0
465,2.8023472628775767,-4.500949663749186,5.5455570592667085,9.35784866059927,2.2319284078133625,-7.09136060259717,3.0166630925876294,0.16617558038053548,-0.3040402027189477,-1.8625884133674866,1
466,-0.9608511542275301,-1.6128443354759479,0.2632534490116891,2.3710611051594834,0.5615607611201361,-4.571395813401701,0.5758055906413511,2.7596843681521017,1.069152533055192,-0.6132892843258038,1
467,1.5453713226984902,-1.7675717671691253,1.6440465445650867,5.005800221951725,-1.4558193421512022,-1.9750052150558264,1.1782383811926016,1.4444153768334138,-0.4662199895901791,-1.0342021883163885,0
468,0.5818250529963287,-1.3565296756538503,0.6481439646183627,1.8006674495342516,-2.6449444848996633,0.3162746889726415,-0.25215396644787824,-1.5845596893306748,1.075804634972529,0.2846852437078855,0
469,2.3607404805420273,-1.4766622128744806,0.9388173303463125,5.210214756027164,-1.2409447263167028,-0.8880923290868741,0.5805249644280697,1.1817371522824258,-0.12685884133373393,-1.2764678490594097,0
470,-0.22977407310607623,0.15535886147028233,0.006053126815537158,-0.4380434569335962,0.29030285328670047,2.1313829940389053,-1.6784469942485143,0.03090730461634994,-0.06057472205060099,-1.2282525379904037,1
471,-1.4138110433795372,-1.3144782456159962,-2.090717885117307,-1.2244784473135246,-1.7090792676809323,1.3757042817694365,-0.8869670442622822,2.9692021633285366,-2.275040501793001,-0.021373845720751627,1
472,-1.134863396989359,-1.617138031191912,1.0922443015076797,2.1147367051532746,-3.112610633448037,1.719555758774889,-0.300828332670769,0.06541919975852084,-0.09570122119624813,-2.4782943674615447,0
473,0.17040246043045792,-2.2253195054379553,5.241769284621631,5.552607424043831,3.4644796761934544,-6.605460746900211,1.459235666986459,1.0641236220546801,0.7173832627145125,-2.2527312525792462,1
474,0.9448831360619943,-0.9964386829006491,-1.4156651073897781,2.9530713698304116,-0.6190055476449325,0.8472293677512963,-2.3624905182448304,1.5545320812048038,2.0560278898471926,-2.1637649553145746,1
475,4.5469512559078495,-4.803725968575566,4.2068384543404775,10.338948162177521,2.858552169968161,-7.29586625230206,0.5625623551721699,1.2232318836920786,1.011531559295497,-1.1050120257272582,1
476,3.828031556709629,-0.6568537501269786,1.4178746229514008,4.719276407218357,-2.3194848705493984,-0.27491981916944463,0.4123428812196155,0.16323216858395906,-0.5909146677974433,0.9344275828980648,0
477,-3.730027866856941,-1.191320442130423,1.0801751997695188,-2.0851338122673297,-0.9775000714837973,-1.9320212655219373,-0.6184632092282234,0.8604535963897817,0.256810507399726,0.2615829179645952,1
478,0.9716109865687043,3.0360394903035126,-2.3931489508581882,-1.3257998278360403,2.2334880506825856,0.125994437842572,-1.3222178580218038,2.5134736330290695,1.0611121606647833,0.25077214115897384,0
479,1.2488199518890686,-2.0149675750741087,1.8065127364118765,3.955158450643143,0.992629696547324,-2.370478436636613,0.9583070767903048,-0.1488524595059133,0.17114635081890284,-1.1653178792954697,1
480,1.376331200688057,-1.562090291439743,-0.9102800105289497,3.2339376593027054,1.808200931990815,-2.7871936235084545,-0.9809599562856645,1.9071471190176585,1.7195770649447102,-0.7648465392915128,0
481,-4.2427054865315705,-1.5664709662879357,0.1862385823974444,-1.587409246958962,-1.7465771838761477,2.5583986709518496,-0.7517412722468538,-1.1946160055894248,0.6537961519540061,-3.350503081095508,1
482,-1.4317185931586514,-0.5744600565134798,-0.7154909174595954,2.0938793868655683,-1.038742895330762,-0.3196190411482338,-1.3047637180410172,0.5807493823934968,3.789758604104826,-3.1242732882738298,1
483,1.5549730380504054,-1.2774114192227157,-1.8257076567125008,2.66101565495973,-0.011228265247094305,-1.0674456098152023,-2.349916511849832,2.1502850436281884,1.9504311131188725,-0.21407432411847527,1
484,-2.464335648061471,-1.511586886713134,-2.3241205484265848,-2.397104845316794,-2.2254532352249017,4.639551558547879,-2.0917073662149384,-0.6319405252540149,-0.26806893255830566,-1.7431252090135478,1
485,1.082126411468007,-1.4085511958982901,3.724586893137177,3.74207902945602,2.4377097354815858,-4.686867222731201,1.1730992189541922,0.07179548880397746,0.22180353514420725,-0.3338478869335436,1
486,2.020180822976863,-0.10544003076989383,-2.394072655370061,1.8623622096511248,-1.086435334139554,1.396489319850685,-1.5988453691605597,0.4846263575695896,1.7617970812588926,-0.2811727225270655,1
487,-2.129584071532428,1.3101937879628078,-0.9706645168563293,-2.0825401493278024,-0.14318035738879176,0.2523427177663076,-1.4093622944060442,1.4100995792068018,1.4343030219857238,-0.6701084306975922,1
488,-1.923506798906922,-2.3182936611657743,-2.3590524042340775,-0.4201334756202501,-1.2946266408332496,4.47111148806601,-3.455184651134198,-1.4536756775123365,2.2392326962624938,-3.4295648316249214,1
489,0.08221188247381062,0.28564214625957307,1.5626717924319078,-0.8003404879259738,2.765274025459507,-0.5655385830701131,-0.8532600124477592,-0.6963435688546811,-0.17220989145858834,0.06889807911289925,1
490,-0.9678882825774029,0.0852997704404399,0.016971572139012014,2.0455270766714886,1.131873837738801,-0.44487742170420636,-3.7030687446947055,2.809288139414077,3.3303211664267196,-3.493834714391198,0
491,-0.7886506743385109,1.8394723578141439,-0.6882591974723298,0.3547531066315602,2.4092098306969527,-0.6311932490099734,-2.6016961960865457,1.1766777551979704,4.332108629366331,-2.672616107756704,0
492,0.9642980684873292,1.3853215151084335,0.9353319736312963,3.1104483466646675,-0.4390422875614519,-2.084377628760612,2.0047345734491153,1.17060371380435,1.1765922962770974,-1.1468660580487688,0
493,-5.068272899762283,-2.706504430581795,0.7690556681395273,-1.9396426560187319,-0.3820988058342375,-1.3103934813984053,-0.8825662786712337,-0.6376388098826895,1.4486167691054623,-1.7691137715565246,1
494,-2.2148688411079407,0.7295820700967401,0.2178948176756732,0.05215941572276143,-2.695845887972704,3.0958441731106308,-0.7467461019927928,-0.8350147201047375,1.9232240982096949,-3.350325299195498,1
495,-0.3813799593792162,0.6134914789093571,-3.422094358125315,-1.375887838489671,0.5796600225349069,-1.1783030830725671,-0.4803880737750338,2.19300967632965,1.1930664193446558,0.9316918864417705,0
496,1.513735564749294,-0.9429028242817692,-0.032044322896889854,4.034026234391394,-0.525361712785763,-0.03962673686977466,1.9634294021607315,2.741143886807012,-2.410393698350501,-2.1359348107105474,0
497,1.6483902128174979,-2.3788914562794665,-1.2762737942136346,2.7388188522559016,1.9699878069739893,-1.8056311233322115,-0.16040038616771457,1.3119204960833768,-0.1384893247103498,-0.44370005461256135,0
498,3.238602406813277,0.0007461651612623577,-0.8626813538633039,1.7904373773507667,0.9671229035192805,-0.19067464308577747,-0.05499882856864324,1.3415573405654695,-1.450680579251832,1.3068531763506614,0
499,2.9378571444076007,-2.7228762222304352,-0.572974734718481,5.850633286746263,-3.546881207980878,-4.220434887285461,0.7711567794607308,2.3643276270889775,0.9554304616846633,2.108000194869753,1
500,0.2719796982121392,1.3597280714024866,3.671152298915769,5.52013445819767,-2.8041370337556994,-4.115365891939351,3.1395080738359704,3.2402201824635832,0.51434841532776,-1.7300676913969633,0
501,1.4350263906743204,-1.675869440351884,1.225757139895746,5.06648659473175,-2.909084037562574,0.9202431741059977,0.7648903890312663,2.472121991952325,-2.1913616920233334,-2.3124174904383317,0
502,0.44461142315331403,-0.3416214223663909,0.19574012775464122,2.40270002029447,0.2265126761206191,-2.0344721063399756,-1.4072887369925282,2.2651571886469677,1.6841289754537525,-0.7564024839393622,1
503,-0.31753677555937787,0.6467069306568911,2.856377393897282,0.2658818884352101,1.4218346759113651,-3.468561108895656,-0.4343818868783146,1.5035429122955222,0.04837433841290906,1.0397247517878685,1
504,-0.12199097712175577,-1.5259853391681228,-0.11994327266027671,3.6144567261662957,0.2506022566404291,-2.557560218930383,0.8494215873207449,1.5785064391254893,1.4767962547058713,-2.2433263196483804,1
505,3.275764310901466,0.48999494179338865,-1.2587902211603996,2.6926173970948137,0.00973904300455597,-0.11674197783266473,2.109896567977011,-0.5687526295574379,-0.005108329717639526,0.43890442678175323,0
506,-0.8236676117453026,-1.5684454487564927,-0.07644795143983796,2.9738339714318274,-0.6000872665842482,1.012260508309031,-0.7877027654301915,-0.24333179623021417,2.2224309448066917,-4.099454441498141,1
507,-2.3947835027392532,-1.8392787103262962,-1.2577103145945145,-2.208499343429788,-1.0462217603468906,-0.9282629266476341,-1.4056869973885637,2.7769126838175757,-1.4771627528299116,1.3130420901994238,1
508,0.25098271949774054,-0.17914415747868606,4.5915209146260505,2.805314229623476,6.368890275914002,-5.831797351500436,-1.297538504411194,1.4477190042077868,1.7209619219623207,-1.665569539059441,1
509,2.254877859890259,-0.9242846990476731,-2.2467399503049768,3.8918754644602758,0.09570818898661981,-1.133463061375645,-1.0395509874429865,1.7222399190578561,2.44871375904817,-1.0170670338515384,1
510,1.5300479116069392,1.049048278868639,0.6592307231564727,3.198036233857604,-0.866943363996932,1.7959463141877368,-0.9916011803275504,0.21919276493646822,1.6464315163436485,-2.6309524860706137,0
511,0.6539831505696798,-0.5646041469426206,1.1154722736669505,6.002237550467895,-0.928843707846556,-3.220835697889682,2.717306852455576,3.344502463455618,0.34019434902245704,-3.1053837051313584,0
512,4.568374924945738,-3.4609380096711635,1.2208688623163046,10.029009755407932,2.4854803480457384,-5.187596449955722,-2.2966725176706193,3.3467075793897783,3.211656984566992,-2.5102478413987317,1
513,1.964859028555716,0.00542020745468208,2.6025728037527753,2.906757906435827,3.6129888565766537,-5.285487237925288,-2.183438625721732,2.2510608777970966,1.9099147842414217,0.9933891173081186,1
514,-2.3861178703778556,1.2819888564581277,-0.9933002053102998,-1.5375960132076392,-3.2050070853302546,2.6075564143747596,0.0970859781048794,-0.024266072649396397,0.9364961265913618,-1.5626677325814202,1
515,0.6600885765361932,0.5413757399701953,2.746743894963256,1.0737960140431524,3.5495162063299532,-1.0704258951667027,-3.2402813150120204,0.8548718682411349,1.2178190881019522,-1.2015182017549733,1
516,3.9877823367789627,-4.468840834237901,-0.5099543614702471,7.787227735798078,-1.4027215966698496,-2.2567449978860448,1.0284527343377277,0.3109625884656583,0.5198126293598204,-0.683222639252792,1
517,1.7093721600776126,-0.8009645753868815,-3.104319623244513,1.3833252958797726,-1.8428593521003576,2.246303424540541,-2.7826287497190156,1.179879815281527,1.353641841557662,-0.0722511302255151,1
518,2.2018533574710846,-3.2799376505717333,-0.19439333321672891,3.85371885582552,1.2859111100485605,-1.205880280932075,0.8467071463124305,0.9300467590110066,-1.9553110495328012,-0.6833698550240832,0
519,1.0406765617383713,-1.0271703294706787,-1.7008046643529826,2.755568932630419,0.3842931541696393,-2.957332043896515,0.0022888651769881196,1.2925679982082694,2.550855187227718,-0.12232418466323125,1
520,-1.836720416835457,-0.5967853152807064,1.1746218353937254,2.347526309489194,-0.7285894307186119,-2.061396308346343,0.3513288115200488,0.49584392826009627,2.7351445742694533,-2.7393138589172303,1
521,-1.3582708833336432,0.02374042239178209,-2.0002719909712,-2.034556970395877,-1.549838764510294,-1.0749667507702392,-0.5010569485737218,1.8233071619323251,0.2746145705591,1.930507627629634,1
522,0.5142404302030086,-0.5729857410047642,-1.9770360967669975,3.7034037115373315,-0.7955056614603194,1.186114758136173,-0.3149587212268624,0.09974496075033568,3.269615894180975,-3.9513776264370772,1
523,-2.049190141235842,-1.1097394395471967,0.4621236102915651,1.6087187772123488,-3.8184808754728783,5.59113740602893,-1.422887481199984,1.0038357555175725,-1.1639108508834415,-5.176708592194375,0
524,1.6410175535413694,4.116706295417346,-2.382659776182459,-1.7344281482471466,2.553410856213418,1.0724876822312068,1.1778309188670448,-1.2323666075151358,1.8214164088825766,0.18620166867799925,0
525,3.171541844239835,2.6307556826231,-0.019117649261259362,0.23930887087237945,0.43783748145671875,5.438093844318568,2.7519435327312696,-4.808388301526105,-1.259361862380516,-1.240409155326752,0
526,0.5428351558044562,1.0111815205062062,-0.7640150104687202,0.16142277598814933,0.35128027771790227,-1.8911319726263143,-2.6302962302152006,2.5667293610854687,2.137073145491133,1.2049691725094145,1
527,1.73779923080432,1.0084985333515593,1.3537427768111283,3.134440301984071,0.37039356298797044,0.22520414151514168,-2.283195226671199,2.495749195910161,0.7913808955845116,-1.7420968916029747,0
528,3.4598028408829222,1.8609400903800903,-1.8264491636519926,0.9473855508097053,3.0698539461344456,-1.6409364682634842,1.3174985643644952,1.030908048726733,-0.13637481717445454,1.558987869525477,0
529,2.2584622503468594,-2.1684262110479784,-0.6752115405713981,3.4650804111023903,-0.9934944367802256,-0.8995853152831464,0.008372329928211686,-0.10170890840600189,0.5520321180711348,0.3778845117387877,1
530,1.9416654426676099,-2.9666935658157225,0.16690741715438095,4.557016068348766,0.7302932221508298,-2.0945041240246027,0.7593256431617583,0.6439134278684931,-0.2045512781272787,-0.9841132692894663,0
531,-2.3219179182770753,0.08439941334416057,1.0738156446806224,1.4878434175177149,-0.2483218904121416,-6.519977393980268,1.458899281843884,2.860289361963887,2.720326571078069,-0.014053859805873703,1
532,3.2700873368088983,-2.0694417856207092,-0.2133461882920713,4.4336482296621815,1.6308279450769971,-2.214146354160859,0.7972097027691298,0.6436878326920991,-0.31546825905712694,-0.022178348255955993,0
533,2.6965089927074746,-1.7475327209383726,0.04167137341665428,2.130444787745362,0.1422909643665473,1.1915874114944973,-0.10987910635982212,-0.2338848434811227,-2.255056122256959,0.4755267882728158,0
534,1.1660770261419573,-1.2199523418142317,0.9527397798381214,4.528355607339392,-0.8996705349348717,-3.955719642797145,-0.4694572235193858,2.4415657412409555,2.010246294073556,-0.17560995987123118,1
535,-2.3513648208130835,1.274425863943934,-0.5934906247890153,-2.500200931014765,2.5574953785486656,1.787234596794255,-2.077545735435514,0.14327186343823928,1.4814606379994752,-2.745377746812096,1
536,-1.4505645099064388,2.0417372496800072,-2.5302385506853886,-1.586980311693143,-1.521376795977198,1.6313369345978173,-3.0874562211716805,2.7508040389840067,2.5216315221634558,-0.923118464311862,1
537,2.2651013613179614,-2.5960931994586485,3.1244629632459273,6.403658812284091,3.879278692595403,-3.846151398003765,-0.5642345031638403,0.6309592248701869,1.3191629157086708,-2.8273500186582736,1
538,0.8813962298393139,-2.070558063818886,1.1617280164200026,2.7907777923068897,-1.5876590169648435,0.4695558830183476,-0.6902284605518003,-0.6136143095138522,0.04106303659214716,-0.7644816118973813,0
539,-2.381251752339251,0.5208531543982124,0.2923652770411298,-3.0006661008602054,-3.4140492387996817,4.323165947860845,-1.9441140720614136,-0.06796025217533264,-1.2877521802221685,-0.3922169845257194,1
540,0.5442701785729724,0.49561600448317567,-3.1984941382026224,-1.8675359910114833,-3.3931193219037876,5.922665885095237,-2.7965647594271226,1.328879644366698,-1.6455249793486266,0.3175285772335912,1
541,1.0628444078415868,-2.0720248247737967,-1.0225417754536577,5.720698659112287,-2.9721167048212527,-5.468407350874004,0.4725436447595093,3.7429374458871743,2.951117654535958,0.353687889336024,1
542,1.874580006083976,1.5318309085128745,-0.9333157908145906,0.07097574536297693,0.06504776286667058,4.749296179103526,0.3164682192212449,-1.2601272222632627,-1.435422225101573,-1.5281872859787187,0
543,3.1286676830032984,-0.5086641926107616,-0.2849781544833714,2.669163573113183,0.10422903397720207,2.455243494521862,1.619372928949327,-0.8187001207468025,-2.445259796478595,-0.8892890574153873,0
544,0.40898345309021966,0.25442869193580164,-0.0964877172116716,2.155830418106785,2.124979105818304,-2.5089978379192037,-3.542404201210431,3.201514925223477,3.2867940547988566,-1.3136975134684201,1
545,-0.0940311941172971,-1.8424239769418245,0.34252222453854575,-0.8182077602280702,-2.3286814413794743,4.996485140698332,-2.2094446030978165,-1.9377289505553756,-1.892789219252084,-0.4752025393115292,0
546,-0.8727703326352152,-1.9061349701374142,-1.8066639026045994,-2.182711400485079,-0.6894623044104795,7.025027356248876,-1.8639961157571325,-1.2679288460131892,-3.2335835588552455,-2.231532296984861,0
547,-1.237852660703961,0.3629026942079452,0.47887942067424627,-2.5803913116551667,-4.217845201439269,7.37395462266066,-3.129921632272171,-3.312259911093099,-0.04971456202688662,-1.00510111052204,0
548,0.7892962403948065,-1.5632089651489678,-4.537351252239933,0.014773170663766877,-2.179389843923787,8.097110957386416,-3.0766458289493186,-1.632732020616427,0.41060012033471704,-3.1225515650187825,1
549,2.8004463794353054,-0.5771902636026541,2.9686664230201028,3.0493104483660547,-2.767617610710489,0.1934071507927461,-0.027468451106214875,-0.06789278703919366,-1.9868527779059648,1.7513674547450782,0
550,-1.2550358728956499,-1.076321336753088,0.3132440816910813,-0.7999163961397661,-3.8059102393789774,6.665225237464814,-2.7384514491184353,-1.7164787627681846,-0.9492829339600255,-2.3258210971982605,0
551,-1.2236022443020889,-1.2358602012521576,-0.5412102354717534,2.2292561852058435,-0.35964088062537436,1.7854684706265382,0.858434834878868,2.022557255816511,-1.334152047623974,-4.4819726212355935,0
552,-0.2868148603799765,0.13333288753772576,0.7188064943545911,2.739113421260579,-2.1988701659506686,-0.04009179320036154,0.5040962415705387,0.3612393553288592,1.694911152162943,-2.173550547650927,0
553,-0.9073275932163325,4.355773853776192,-1.211540558207686,-4.219011449317653,1.030863484522135,6.750111817606867,-1.7356520735093555,-2.140479712650763,0.8179275275089555,-2.5589409338967535,0
554,0.1087802241725393,0.7415493288000301,-1.3569207830684886,0.5786399485808418,-1.3757132990550824,-0.780952648240495,0.023690976935955232,0.35440250352963787,2.2886538972192323,0.25713655772390265,1
555,0.5142012676839778,-1.2155008625388752,-1.2241275257788684,1.541020840860234,-0.3902319077013304,0.2346754917769485,-1.0892052425514398,0.13877421232757792,1.4021607153083895,-0.8310912962004258,1
556,1.8027153664304987,-4.349593885617213,1.6159892885407103,8.761585190711676,-1.0342722217457205,-5.721509319198613,2.4136048653936584,2.9765995862651753,0.2811960194779788,-2.0308241692413693,0
557,-0.7318990703487838,1.6802198138220303,0.015122442536924074,-0.40320984101156987,-0.7781140244667026,4.918985519733524,-2.6144564365040037,1.7334479482934704,-0.6776561205607108,-3.3910698157012447,0
558,-0.31877414804332527,-0.6667562207618077,-0.29669528330912975,1.4295444081304178,-0.7269211970283647,-0.39464692975352333,-1.379862964078936,-0.010150120850341393,2.5569859858587183,-1.137526426489447,1
559,1.5078586783322816,0.4759332361455866,1.4427098544539518,-0.3833368524073953,-1.282200200158898,2.254802657284594,-0.1311868825344049,-0.9112580761669431,-2.507558671027871,1.4752042938725918,0
560,1.8009376317400951,-1.6667872608005863,0.04941735353583154,3.9375652061978803,0.4405116212777139,-0.3981210181891253,-0.3082940345165338,0.03440600642257108,0.9833395491845999,-1.7510382132933004,0
561,-0.31857095275110026,5.255910903745098,-1.4363419838628353,-4.072014182846853,1.3998307815073325,5.935324502402354,-2.166443481614255,-0.17250829493588293,0.5111777264923294,-1.9462101467212167,0
562,-1.0061520893826479,0.01723542874425532,-1.385159613399653,-2.0514461572521117,-2.1751045980383106,1.8784278997105388,-2.3652729007633373,0.8214568196866439,0.18037797979096315,0.9759757490277192,1
563,0.975706963699465,-1.7271018433742644,-0.19619358171534595,1.8748932943474073,0.3948122547627715,1.1881830733599146,-0.9129999612231635,-0.4582570581574068,-0.10236417766937977,-1.3809037109525115,1
564,-3.096477124198743,3.2244948303322856,-1.456043799173235,-5.209042528794266,-1.0464762710838666,2.270761552953118,-2.096852416013033,1.1203229849539,1.1183219517714267,0.26887661279821073,1
565,1.3684543992656701,-0.5843252626138504,-0.2391098653081849,1.9529626247560565,1.0943681283836577,-0.6354781513183242,0.9210341415883923,0.39512249526612786,-0.4852739738543209,-0.6318537972138274,0
566,3.3933231276268225,2.4125931535078564,-0.960332680299662,-0.7901809190381525,1.696535466144807,4.415590039980572,2.0790045278486464,-3.158621002857285,-2.24641616116052,0.16184264573381224,0
567,-0.4265562026020382,1.3840191465276663,-1.2209920783951853,-1.4988481178457176,-1.8429586922608263,-0.4435528689635953,-1.1665462631040704,1.7376020500186646,0.9087990045072263,1.8961670672716653,1
568,0.5493021540514968,0.5381705851076335,-0.775379969365564,2.3345622265866006,-0.646679737218762,-3.5223034789133827,0.4737264735556108,2.318673086118622,2.4082383058735033,0.3327444476842074,1
569,1.3873195952910564,-1.4119051620301595,-0.18008169751432856,3.2986850382065382,0.8371344362802031,-1.4759485867908242,-1.212408382856408,0.8909352806135801,1.7368960750870999,-1.1043479498928535,0
570,1.5456103197199267,-3.496249450119563,0.5209092323291713,2.8708169297763253,-1.5259085341295076,2.5312460657853753,-1.3689067285427816,-0.29251251775934617,-2.2099325101494807,-1.014697394508155,0
571,0.751445650175637,1.2576792783100055,0.06860557388462762,0.948197329054997,-0.16710869008816975,2.926614792418123,-1.5208615246347752,-0.30945553563437356,1.0399364906345947,-2.23371072756753,0
572,1.2553210923024454,0.04895733934934454,2.066754916094202,2.4825676462462662,-3.4796122226354496,0.18218461080855167,-0.04727405891766301,-0.706998093060601,0.5675859759277699,0.6200236997479558,0
573,1.5857307944669836,-1.227829907954684,2.727384411442938,4.569521945102838,-1.3703428398507205,-2.12814912325308,1.7964636931672906,2.199933526219536,-2.2671519129196196,-0.4522686686636225,0
574,0.391863753410428,-1.6005202459356367,1.3256083706144415,1.3412961329508093,0.08702166221578267,-0.04843086253306685,1.3688355948802378,1.290800877296252,-3.7203980340722613,-0.3795743310130174,0
575,0.824524121790305,-4.434088160024422,-0.07078283298172428,6.552654893289939,-1.3618954239119114,-2.823580793954435,-0.0676952817998524,1.0653978712053431,2.1986948719721373,-2.526153360137262,0
576,2.2839478897087466,-1.5588175154035693,0.7658088318646801,6.30124325143844,0.9902967069241306,-4.0081802391383485,3.220000696598349,3.8128071258594476,-1.7839254847050505,-1.795530256732099,0
577,2.0117128893878258,0.6679684254010253,-1.484191706297497,2.609955171288473,0.2818083533389065,-2.215341827864975,0.7543342941407538,0.3106708319198286,2.8162252606630256,0.21595786589585164,0
578,2.0370639186767803,2.805444183679718,-1.1249998351300157,-0.9307747933361441,1.3201889969451033,3.6629374300919744,0.21447590054632082,-1.9913199220571198,0.12276564393177991,-0.631097032992664,0
579,-1.6899784037569523,-2.468961218192608,-1.3298054642380932,1.6642555131807364,0.5466748508409138,-2.1418829930185397,0.14843759485251895,0.029987023415219083,2.6935076415140218,-2.217631162557744,1
580,-3.385955791031665,2.2205869389388195,0.9839092007618793,-2.8220678452768193,-2.6789389706106688,6.098974923312552,-1.1745687946787542,-0.04087631665288294,-1.118172962712916,-3.6680703194067017,0
581,1.5909923769062089,-1.7043204337449738,-1.3186813719138377,5.105256580503949,2.1153773027497005,-7.089932690404739,-0.22845619886232127,3.111955420106222,4.293705330384619,-0.09967175376320725,0
582,-0.4125496867687106,0.09890881850006727,1.799470866206733,0.4273197779591259,0.03744942960998521,-1.5276537320070582,1.4306056587713751,0.221247462105445,-0.9245579473370449,0.15902755813401637,0
583,2.2455244560869607,-3.8958767184906673,-0.43445141586128866,5.593887435248621,0.4771555472231329,-2.225837785947024,0.9467765123286176,-1.489310333678047,1.923924975064313,-1.463640565685535,0
584,-2.5846278754036645,-1.4149616791635353,-0.7693501728396518,-1.3404902408315251,-0.7148402208036488,-1.3124980152464565,-1.2021557488937349,0.9965699805763177,1.093335797941915,0.06748523298181008,1
585,0.4488223399282636,-1.220005850055761,-0.6616170060944127,3.3579054685356433,-0.1384258524431491,-2.14362129897522,-0.2471662090823199,2.871051862696859,0.973356564588259,-1.4397995154425036,1
586,-0.006867022571640069,-0.20020115107395198,-0.6887459052884193,2.243945092216293,-0.6501161901366547,-1.8620359137885956,-0.8479376059808705,1.0242091411087828,3.262005459000728,-0.9965228834978954,1
587,-1.2783602133854415,0.5253754157451418,-1.2517722100551922,-0.9908918137880455,0.32520312113014005,1.3614228447833767,-4.761378727577274,2.7814650665992895,2.0267707813969733,-1.4580784126814386,0
588,-1.442508874335949,1.7818420924916878,-1.6746737507435403,-2.0419391068896453,0.18509136816540395,2.7894847882510208,-2.470054427961363,0.7830683540965517,1.6946164460634687,-1.8830301556937135,0
589,-2.5390333551103756,1.2966824451804433,3.0310573705218733,-1.1830356030473157,-0.7324386630455273,-7.451734285964796,1.7853832493780852,1.4810384776520498,1.7691191452479758,3.3874502182817627,1
590,-0.6414764345326118,0.48609760887469333,-0.6566086958933222,-0.6731840898909582,-1.4218250373856627,-1.5659948782125517,-0.6764834782726623,1.2502479797695285,1.3024908467492629,1.525286114695176,1
591,1.8603370450715537,-1.4293730649369225,-0.801363230807269,1.151569189806385,0.6389038100751326,2.633288505514611,1.1935873708305529,-2.071938586062044,-1.9161447506550573,-0.878370109813663,0
592,2.6347290058936785,-0.3338267870759467,2.643896437227629,6.8753088966110445,-2.1196093409212082,-4.97722118796961,2.820550859318378,2.3006883395154234,0.6633176925261062,0.023339892207498103,0
593,-0.347648901423121,-3.0324495042349366,0.17763127014607627,3.3476962539056103,2.0164779956761527,-3.29678936019859,2.483815756151492,2.0392477958651787,-1.5315443791648211,-2.1968902058297672,0
594,1.4210062030444737,1.225359446115833,-0.47004627738271787,1.8012385549787295,0.297090221305202,0.21160075644780607,-1.3546599456295687,3.2476280778775557,-0.04939185313017136,-0.9171957694214722,0
595,-0.7360655915132006,-1.5941014178113375,-1.5032187751619754,-2.7253498165960033,2.2406736805278844,2.660469821677561,-0.12186563466185918,-1.3987234953854153,-2.597652974445473,-0.3887315236080523,0
596,2.8474058138643077,-2.5713026402782786,1.8389333489720687,4.310008302093595,-0.35184230168175845,-2.5295794092570802,1.486906699050329,1.077725261871762,-2.616732343141548,1.2748790980761688,0
597,0.8745207894251079,-1.778660486580061,2.400924344835588,4.8079231384439165,-0.10039284178247021,-5.399083222367524,1.858993931982614,1.3614287155996765,0.8545554433420899,-0.08336455542983934,1
598,2.504342680490486,-0.8565715330407315,0.3076127470283425,4.327613848143605,1.96420379004126,-3.0403827942156765,-1.2737754138939155,1.5562496686923368,2.2425543635616183,-0.6366833598565913,0
599,0.18908705242336787,-0.656460497190359,-0.9892484234901312,5.47632809806541,0.07409225590489488,-1.5621712764994502,0.7222832597972424,0.15003902559879667,5.042074164037617,-4.915093220033938,1
600,2.7951061513242967,-3.0876726319064094,-2.1353921296753855,4.621650615269229,-1.7909165657234913,2.8329585217362148,-0.9995681471154899,-0.3600180323933795,0.2062662003995518,-2.092189541535511,1
601,1.1367210691542728,0.9245142180289252,-1.099370353911833,0.834934744675126,0.3339762201722901,0.18853391139326697,-1.1828261894069099,2.006042244155814,0.4819719337168098,-0.22606822124737025,0
602,-1.6115885108011716,-1.244912469984668,-1.0610535409110637,2.4764908555534606,-0.019942785774335836,-2.9305595743231456,1.719074262487275,1.1759000056161912,2.464758819147197,-2.6015186400009984,1
603,3.6659687401603787,-5.239346742198525,1.3485390178001442,10.910443883751059,0.6138008476886077,-4.157868487186932,1.0386478619759107,1.214778841511743,1.729365189647679,-3.853826117150155,1
604,2.6554695516423035,-3.0341091931523385,2.343215093731781,6.136421909340043,1.6744594484244448,-3.6489225917903245,0.5909465762657182,0.17652584047689646,0.44807454308532946,-1.1109347162094858,1
605,2.855932853021698,-3.5334673709569606,1.122500249237616,6.248363230600557,-0.40104780698201314,-1.2219962857267008,0.603862989821093,-0.21453226786448187,-0.17926371051142542,-1.4818633569561013,1
606,1.017304904016625,-0.2856392916991175,0.5177200798638946,3.0040497237423476,0.1206234429855082,1.0933083267256767,-1.9927690840560461,1.175040795194735,1.124573254313146,-2.627056646269348,0
607,1.3407385802732468,2.574666391897874,-1.0073899334412513,-0.24949087222748775,0.3729195622947109,1.5377084185103795,-0.8680105327242933,0.7676584037504817,0.7739345302698499,-0.17678596149080028,0
608,-0.6063767666203201,1.2848712826053075,2.008324751671848,1.3879916512451698,2.910900522727239,-4.613922650993718,-2.080285351907773,3.2301996888820925,2.8318136005186227,-0.7944667044225654,1
609,4.192046552041395,-0.9654527665743806,-0.18559118769438443,4.178543319168,1.6412021246989983,-1.6867800577122947,1.7945412169062926,-0.21116124088916366,-0.6837326395940646,0.6031250232908516,0
610,0.9174551238130707,-0.5291342534923511,0.5151866426379546,1.1832944808242394,1.649250566763957,0.5887221577874233,-1.3973139776966037,-0.2603392463640004,0.3775678419908818,-1.1844200201312731,1
611,0.4323232452349677,-1.8213231325015569,1.4189586082676102,2.686600766810061,-1.4364983021873836,1.070450629768172,0.4558028791266673,1.165604248569314,-2.5512324942514093,-1.6336289830799495,0
612,2.70929983782026,-1.7153107818772355,0.7032715313057148,3.0730211667667517,-0.6939132858204065,0.04651809396402323,0.9509377972059014,0.9081308729010297,-2.996290571873164,0.6644868981140408,0
613,-1.3708018449042996,3.317968139166386,-0.6066344880284572,-2.3467923138421773,0.23047950878817225,4.087372271300717,-4.780342421729846,2.916363012857121,1.1434317329168178,-2.437105927400348,0
614,3.709272451835792,-1.6961307743820901,-0.8073306060993272,4.563483804354643,0.6346071921480876,-2.3398921135894852,2.0314157837710884,0.4686491478132966,-0.49192700265939293,0.6792482242034188,0
615,0.5076470489090583,-2.396355494545195,-1.1463811577888743,1.2608278633354866,0.08028153251209158,0.3022259218328209,-2.0177882097141033,1.646029038164318,-0.5987795412290979,-0.35391334283730536,1
616,-2.557384260682469,-2.37506413910034,-1.0992880989939269,-2.6100126676644035,-1.6093972090016946,3.4336761441998105,-2.997044933363399,0.5012721592327178,-1.6000032810246583,-0.672243237479635,1
617,-3.478062999262262,-0.0816816317116329,1.9400533453702855,-1.1524774908612683,-1.1443391217549554,-3.7302794999256896,-0.1326834253895195,0.817231379141522,2.0008020971966065,0.4815343900426925,1
618,-0.48293166225043893,0.4016158406237247,0.9243533173072218,-2.3734452932564145,1.8373254811612507,1.3789595822805447,0.039839476221701586,-2.1088125008939897,-1.1489752782219056,0.2286990001676923,1
619,-1.695370785472499,-2.3877116511630323,-0.4582153592315166,-2.7146902449419175,-2.2104640961287974,7.776395350824638,-3.682757499484251,-2.940020348626109,-1.8346488243549335,-1.9310313772428394,0
620,5.580491805915918,-5.836265662131272,2.3157955887531854,13.49035939494638,0.5116851902743735,-7.9684805306471596,0.425546069031707,2.871539139281589,2.640469383456462,-1.6997510087885694,1
621,-2.5361940632775966,-1.086013769467674,-1.742015946032006,-2.131598424686799,-1.9123686345516928,2.3540890984452965,-1.4522063814875015,-0.3172668687576017,0.5577830309813663,-0.9265040961139374,1
622,3.091158231792419,0.9608993655736885,-0.766338782805815,1.3316211280039647,0.6192389705279719,1.4649058248712197,0.9552862645800468,-1.0838829564099521,-0.6111242390160816,0.40385760952546046,0
623,3.6503950248037116,-5.589156200136315,4.359295156760057,11.860289878599163,-0.27976130287838497,-7.19796905789678,3.305266626955432,1.1566518987649794,0.2503526680292564,-2.134259064462687,1
624,1.196891493928153,-0.25120395030372733,2.488738649571884,2.177070713937858,4.4121957661227516,-0.2813958777485946,-4.29378443986108,1.2708310184647027,1.196769990358533,-2.4808760085656925,1
625,-1.0082958090861185,3.4060842052926277,-1.8944292148694515,-2.9751443806775932,2.0597423002080197,1.6889187094064084,-2.6554750437013315,2.2834858228698627,1.4776867320570102,-1.0838729718283229,0
626,0.9487343150788591,0.4858738750252949,2.7651086881676368,0.7492980968885086,-2.289590320138403,0.9860054209797858,-0.11310324938346428,-0.7084468191692126,-1.3540303980663102,1.0609689100028774,0
627,2.5455718236955884,-2.3048280061470807,-0.3300944112911326,4.9343215124909765,-0.8953485076591083,0.2678295908366793,-2.1892743639588073,1.4341958539947521,0.9534707820523406,-1.471531652644945,1
628,2.0929419443013693,-0.2631824531995852,-0.3686646249201383,2.8487294705981854,0.8741394086813072,-0.020658255554221377,0.3493405969797667,0.5545006635813601,0.0732961286750674,-1.1464649803669487,0
629,0.23401412340573569,-1.248671712920146,1.50815418105003,1.9464484140295664,-2.3906680299860525,1.4359107306485335,-0.3115671973503775,0.053697516631978304,-1.1517623102117707,-0.9496855461948911,0
630,0.8913022279444736,0.5270967512027389,0.5813886190928174,3.1063911071797876,-4.048078519754462,4.079790600053201,-0.5464527819106233,1.0989581438163754,-0.6533496838689186,-2.8918814491185927,0
631,-1.0649639856978523,1.2864461334821655,-1.2296086712411225,1.0669101982857307,2.737401532965169,-1.8907199947506332,-2.9776912246241665,2.6823877365453805,4.789745470333305,-3.020224336711813,0
632,-1.0829436352939155,1.0110012876152639,2.8628152183906472,0.4074034446136133,1.6952171811488117,-1.8039350818097777,-0.7085811614385189,1.0985954663845447,0.6393155394846493,-1.2861874375062854,1
633,-1.3580573795098612,-2.8426442805341483,0.8867357519074706,1.4674459898744587,0.9872208493899661,-3.6405267783657496,-0.38394103507482513,1.231896699664699,0.5919606434911204,-0.4166575263498512,1
634,1.5422398251347078,-1.2294793727161568,3.4567833001924093,3.3391998749986214,2.1940935086010516,-3.396747387020277,0.6664126673526083,-0.4259715074878607,-0.06363830513030266,-0.11703331831804342,1
635,0.011173895941552714,-0.2733155096300368,0.04974090464241221,1.5655383014137456,1.9501527122735014,-0.291633420634349,-3.7100777703389545,1.7855388671957635,2.561354077677421,-2.2604436542755426,0
636,0.08361802562597531,-0.05391772956476326,-0.6921566189038237,1.4785089620162508,-0.23141460327824026,-2.0903398818880117,-0.9021257854346839,2.0324436483790143,1.904390076345694,-0.12007109703611785,1
637,-1.0758398184538756,-1.5801618236958146,0.16907464185912446,2.0894507580154964,-0.7528738468732764,2.0478298413467892,0.9552643125850272,2.367191350624445,-2.903451481310028,-3.899953054838971,0
638,-2.1216406230401366,-0.304046516046252,0.6506291145533207,-0.3826717140912388,-0.994658946551842,-2.8854853952325494,-0.26674553411444457,1.8194964865712322,1.0292723540565238,0.5180854851314276,1
639,-5.28980741370904,0.3888856689336797,-0.5987061165109475,-6.54244463742613,-3.8105219580395455,2.7357624144650914,-2.196049134834006,0.48604077056602846,-0.8947586434303101,1.3013398057994818,1
640,-3.206341703050048,0.18417100988252844,1.254018979234829,-0.2934111216482775,-1.4624419294924236,-2.323996606534104,0.7576364635871131,1.0804763044485903,1.4768238715934883,-1.068524522412385,1
641,-3.2331514319033334,0.12634964032031237,-1.4425236510267705,-2.419993380268844,-2.748706145678241,3.610367448871949,0.3051777406135705,-1.6681899278552281,0.7738693228290611,-2.1953976459084155,1
642,1.7573319371766218,-1.3114351314667556,1.0552265984958178,3.7855135205986676,-2.122642306127605,1.0373815142009346,0.0869416719587236,0.6702923979222322,-1.1060719920244428,-1.1617944341278885,0
643,1.0992746567695548,-0.6639258460743931,-0.0754010519389473,2.1329150521918034,1.3264795864828458,0.8489335163833935,-1.7002471518500262,-1.0139736187946276,2.1554973454912485,-2.0872216705660414,0
644,1.207797490640652,-2.1673654933468347,-3.840044464234139,-0.050361875211511524,-1.7562670914730747,6.001024973079781,-3.4294332220075012,2.27952312094455,-2.9498382141023574,-1.0522080917890064,1
645,-0.49886859445263654,-0.5986567434138218,-0.5387866721988417,-0.8972078223056089,0.2520867459718712,3.3414835691904545,-0.11217335710184329,0.14549708951624452,-2.6397367679904633,-1.6598250213290813,0
646,1.986399663016678,0.7094733641318591,1.5452723731667368,1.6846390898093286,-2.1899367306717963,1.6052775936908628,0.3187684826560706,0.2170716750107552,-1.8344470525400238,0.5609128156680148,0
647,1.5239461592212502,-2.3793812711033633,2.347423480364202,3.730880808409599,1.1604153215591821,-2.5990504286259286,1.2149821704224069,-0.5571307971047637,-0.6691074136905448,-0.37605031770643926,1
648,4.336757361860609,-0.6192668286115885,-0.8269552446007067,3.2473117251762433,1.8122997851035678,-0.19792489950239836,3.106913804276127,-1.4214334128001385,-1.7657812860145028,0.5126860570573848,0
649,-0.5169341166657069,-0.9494346137221442,-2.0283171866546765,3.227050889410297,-1.7784612592595772,4.770514542332174,-1.2933870907184501,-0.5881378664718628,2.649903916787931,-6.209884860261707,1
650,0.6179536693308338,-0.22349389326691094,-2.1621643410173714,1.730827104402996,-1.9034254993940567,3.39163475509339,-0.7442331345696289,0.21200461416869598,0.866432339006259,-2.54484520254237,1
651,-3.924210133562619,-0.22669927091721487,0.4876513725270015,-1.6906245720849584,-2.44913441025939,1.6774883226241846,-0.7392435777804192,0.3778733788822898,0.45793674125640327,-2.2702861724342522,1
652,2.8078236483804364,-2.5830726746290384,0.5082886534394745,6.337260114952876,-0.284276929309329,-4.893562935673378,0.8821460601382405,1.5166827063351076,1.684597414295229,0.24505358087899887,1
653,1.3414138781351501,2.807287548723674,-0.7696050890513974,0.6627639310017657,1.8731777020025366,-0.5190971867192468,-1.3218057890905908,1.5870684482924733,2.4052365249941565,-0.678686598395477,0
654,0.6114164275653609,0.7658666786848238,-2.134112605925597,3.743690804073811,-1.4055097753887467,-0.284618805191954,0.11708401577457672,1.015533767989579,4.2989208772510725,-3.0749721573251843,1
655,-0.0679479672734653,-0.8123647404908658,1.02261153153892,3.3403246335282333,0.33961913284650547,-4.34062635256272,0.15046112013784563,1.819864171678225,2.441036279593249,-0.8362348726073208,1
656,4.154685066551346,-5.0842117670042155,-1.4164822166905893,8.486045767920906,-0.4196425660559564,0.1927836491438913,-0.65998945954765,0.06060045640241429,1.1380445025575536,-3.17672432901933,1
657,-0.6098077365583868,0.6048871666006572,-1.1382986734894018,0.4002512968928538,-2.611452158742413,3.2879315635872306,-1.0345269381340017,0.36874537969356713,0.8666056833711201,-2.1465293891891184,1
658,4.350232125511539,-0.8783322249630668,0.5277099452027705,5.121333148391567,0.5824255854591982,-1.7333743665776482,1.7407628784532538,2.00747451445846,-2.2360027938783347,0.4644497862785253,0
659,1.5380664091281686,-2.033698686693379,6.105232933227732,7.434145349692747,3.8073290753893994,-9.374059557986314,1.6373271696641183,2.102101130485892,1.4532579197928275,-1.129851718995048,1
660,1.2939517577204107,-0.9519701388050081,1.9861654061125664,4.494168719187349,-2.654605610927754,-1.8855766262965117,1.324931873995085,0.9927260894107932,0.06716378572079207,-0.41689144201534445,0
661,-0.9836991591141498,-2.2340497433952384,-1.923473656455427,-1.164132523141627,0.0672267568244116,-1.840953310419496,-1.3599071857327798,0.7645653391760927,0.6935981296515616,1.7304117647878323,1
662,2.162196247339672,-2.797921867795417,-0.5022742724061926,4.281653536160282,1.9270860935639538,-2.78764126496759,-0.4856375139632214,0.6846396315151335,1.3202502563885596,-0.7081612715889717,0
663,-0.37953376722111876,-0.3473493855955032,1.7596427213689831,5.178366235712045,-2.919111184813033,-1.1431858599757871,1.143677247327942,2.206492939659502,1.316613878919322,-3.6075790000896752,0
664,2.6185495638754026,-0.7182227211510133,-0.572988261900907,3.2767489704563806,3.081771723004988,-2.1608775027479137,0.3794733194830586,-0.5062293546153325,1.8537945166202339,-0.7508580951070131,0
665,1.0721216534090172,-1.4887950375160965,-2.1296296999980138,2.2562974057070924,1.9120967091761387,-4.301693413241034,-0.2988227836675007,2.232167373960866,2.1079052489243084,0.6403816891287273,0
666,2.7629331671566697,-3.2713602985341756,0.921224974246088,5.300993891062357,0.12084460584358059,-2.7766405050142393,1.5007179730018936,1.3771463291957788,-1.7969714167742141,0.07344684953200753,0
667,0.7714343841484308,-2.229253898994857,-1.6796844443987107,4.248192273472428,-0.10114972482275308,1.612283805552733,-1.8426064651358873,0.9392304574683645,2.0578538927612096,-4.248868931069655,1
668,3.2170476651670388,-0.652200809583032,-0.16244906104551204,6.05474891554756,1.1394840724793118,-4.8583517209231735,3.729848635665431,2.74315740654791,-0.22560293302947487,-0.4566114259033601,0
669,1.073132632521597,-2.4506341020815676,-0.20584019183973323,3.201889501721783,1.2764954139913174,-1.813027748871881,-1.8721415643433423,1.5126499783484664,1.1580424462982508,-1.020858434369991,0
670,1.6124119774340526,-1.0002496370401166,-1.0996144708729663,4.941357653318541,-0.09335500005451158,-0.5676665179005757,-0.04991048695908429,1.585113042704207,1.9798085145920976,-3.0327605361903043,1
671,2.7498146167026967,-1.1413273364129037,-1.2099121596921791,3.2378164326876595,4.044912991262224,-3.0182420147754803,0.6136227481548433,0.8328107787234764,0.8737125541904157,-0.44403404434678473,0
672,-0.3506936830195104,2.109914913914496,-1.5300678029349746,0.0433350758003409,1.32384628670702,-0.4493092724054328,-2.273914639961137,1.6830656230683334,3.8015186521159396,-1.57436651969162,0
673,4.221154007477168,-4.3663986851858025,1.0109308624015882,9.680658390365668,1.022950914811245,-3.300660148503519,-1.2929908477621364,1.819821852121859,2.0209545311929453,-2.7887928313024526,1
674,0.37800153846782436,0.9283234360438295,-1.1078720961230701,0.8597923320932049,-0.8928096068255535,-4.714087851114874,0.4575411271480925,3.086179536955548,1.8993877192442155,2.4985976913242998,1
675,-1.3326889708359788,3.787756176532616,-2.2468635403875137,-2.938607704900802,2.371249831104393,-0.15461493460725015,-4.278941368734225,4.5340099538292815,2.7749032312663306,-0.5506065988552509,0
676,-3.3757051857075493,-0.49089022373226254,0.2839585083023237,-0.598405678621092,-1.1853845754683696,-2.2132608613356597,0.4916143343627164,0.8807055955065641,1.7451241338263224,-1.0695865106633198,1
677,2.6245728920090823,2.012365859931993,-0.2883310228983369,2.7377073655702326,1.9601239849008607,-1.0657894728533475,0.6611393099419958,-0.5643267457968255,2.8125907713016125,-1.0442243951224106,0
678,2.524260451957276,1.2834820962781945,0.3975002898859976,2.658615180920781,-0.3792581201883849,1.8891206619870753,0.9990968347417932,-0.32493513761106163,-0.44087090707372334,-1.3848105211174915,0
679,1.6062465691229542,1.0705739840639237,-0.47629398489282226,2.8363612548302113,2.6381958921657636,-2.5750912000537776,-0.7209019754356991,2.090603575811302,2.6396116314229148,-1.347776184879959,0
680,0.14111395699931517,-0.9439251399582177,3.871927151994679,3.5785608138224694,4.343074006255732,-2.8170163451726644,-1.1407472475568143,0.7795707051020205,1.0960326360854058,-3.382213700855662,1
681,2.270077207905383,-1.182149544453734,-1.303353438145058,3.140485519439054,0.4761922737165811,-2.2355952042151648,0.035663459307350154,1.974042827435989,0.42159943242469844,0.5086875279017524,0
682,-0.302151025683847,-0.3605103953036227,-1.0001863659466037,0.1186656653058213,-1.6578044136487775,2.604297921000245,-1.7002847185152798,-0.4472976164538631,1.041967313051524,-1.2344178583865928,1
683,0.1452525206181039,-0.20576591627611707,1.471761938108318,1.1246689091145243,-0.5401640682029902,-2.992651597845891,0.18753145255337977,1.0554703014501088,0.4196076442306893,1.3475685368197334,1
684,0.36439705576416004,-4.055349095389137,-1.1433331184122706,3.5919239104829646,1.4507874208845806,-0.969579783418582,-1.6482505078208138,1.0711853025662075,0.9972899781941276,-2.560345259594115,1
685,3.274631956499339,-2.205516521231835,0.948417907417364,6.46093639244072,-0.2542473119222297,-3.429867989724142,2.1261998987735984,2.1496240450483004,-1.023792917302982,-0.3434457599279007,0
686,0.2426021167237361,1.6954441915800627,-0.34058807832249605,0.9900213388668009,-0.872208850624177,1.771167074365894,-0.8750029094057001,1.6253965661007017,0.6667273855684488,-1.9430110272259489,0
687,0.8811385811028328,-1.7238058453500018,2.0794455678164327,2.1679751089525072,-1.477802754170992,-0.18573639775573958,-0.009185396662512835,-0.3248465825640776,-1.275353150339704,0.29126891670639177,0
688,-0.5944367415138383,1.7646492250507197,0.38212055511843557,-2.9530266346970797,-0.07980635675584113,-1.9346399065993976,-0.16653119186132037,0.38659332741362973,0.12475045544447327,3.3744661884032583,1
689,1.843349032720445,-1.5367891981895396,-0.46391474784972786,3.69682068692582,1.77028700104869,-3.6107027099783684,-1.735145719990572,2.132381065876019,2.381277133313326,-0.1187411953637556,0
690,-1.2532407645265597,1.013962253538264,0.9836951038130927,-0.7256174508408474,3.176959039902517,-0.3270850694965009,-1.9845097528889972,0.7625578828031824,1.4480564280895976,-2.1322104680411993,1
691,2.2441710290773202,-0.4771269720001443,1.8550634476274503,4.996540683740688,-1.4682539740392517,-2.021221430522304,1.8872995177335095,2.1790714664171613,-1.2357934830552706,-0.5387278813007121,0
692,-0.894066588913627,-1.4792663644978914,-1.1446727703306783,-0.827452643206982,-1.6964472004187803,6.069366379473305,-2.395481127046464,-1.7704680063641969,-0.584738665062354,-2.691384876501177,0
693,0.22004100198395515,0.20575564389992285,0.6813853233526794,2.3655691485711046,0.12187629194153349,2.5974665915933173,-2.2523888217722634,0.3731402326733939,1.510111918350026,-3.913648119767234,0
694,-1.339965313015571,-0.6219896813032253,-2.372621538773439,-1.8450703125367525,-2.8261730736158825,4.926060034581803,-2.7773718788996837,0.8423747983616239,-0.7334346587759599,-1.1244825549212734,1
695,-1.84833259423845,2.101891100209177,-1.4622907654358812,-1.453722747370733,0.277824593023004,0.9280453860138135,-5.099091525798513,5.022476428891929,2.1583659428201205,-1.7284030753636581,0
696,0.8908375373063856,-0.33208174897001663,0.05256388069414619,0.0010742602613622399,2.607852615363601,-0.8711229612056657,-1.1272450071736622,-0.5188048459001977,0.6952459460233855,0.36641959804430435,1
697,-0.4378716614535052,1.4591697738031186,-0.6497074184307843,-0.4783678525666728,0.833995607291465,4.027386042824703,-1.46161535424053,-2.316382942335138,2.4024792187347317,-3.4537621195272594,0
698,0.8038146732353038,-0.6057823903042019,0.20615852107895494,3.092732566329817,1.5265810770814683,-1.0956751115534231,-2.375200996043688,1.4327598998950313,2.6312408153761906,-2.265576186050336,0
699,2.578761757516823,-1.9441687699989623,1.5817749598294613,7.018233005673905,0.7929013972249621,-6.003287391817351,3.364702243893175,3.2356637394366743,-0.6783103644302846,-0.7091258788989554,0
700,-1.358420431131643,2.1929841993870642,-1.6101806963673737,-2.0877610713482544,2.3113409897519084,0.12381749677826784,-5.055336021118306,3.59175598019521,2.9852704295708294,-1.098741110571661,0
701,-3.4463853967689335,-0.050687622918787145,-0.503744063012932,-3.046050856666905,1.685227117220967,3.8073935577104256,1.3587265470456737,2.1421192364657955,-5.111792826847841,-3.8468654415162993,0
702,1.234853068441324,-3.025337502469714,-0.6253143725336238,3.472221693558087,2.3047642432684587,-7.572601973267577,-0.5784926630294419,4.757634336925719,0.5731127736267081,2.077786379799167,1
703,-0.3543817984157338,-0.6108976849062497,2.873401429571816,3.56038385754829,3.464283183808265,-5.333733092558701,0.022741798125019086,1.67686504394427,2.3345116581170835,-2.1889599137345876,1
704,2.089167430915861,0.4483959393961655,-0.10008702506181344,2.5905567339188296,1.0372206256726646,-0.39013050462408516,-1.8226792739292819,2.2710284895797894,0.7351917872148794,-0.756783499488547,0
705,-1.198427050176635,-2.2406679691402287,-0.47280929169591146,-0.5692280476351381,0.6082028266686923,2.928215136473961,0.5964617759533086,1.218323295796242,-4.5978154999558765,-2.243208256680525,0
706,2.7548047692389557,-2.971007108006519,0.563207850184891,5.7894024712045455,1.5684594432421375,-0.14856418609034652,-2.148402953106687,0.688453933763108,1.02899587022532,-2.8789977916129303,1
707,-3.121598990840919,1.8144725146770724,1.5922194111974917,-1.4842624630294214,2.361040811131162,0.24060335577586686,-1.6831216347326035,1.600961917955355,1.2406072700818926,-3.521393550372251,1
708,1.3416815536739848,-1.5567593794481052,0.059563891423016435,4.916519467598095,0.24933074966421676,-3.5629710177619303,-1.4482557970850476,2.977378743124407,2.553628470261125,-1.2080249251568291,1
709,-1.6554272784250004,-0.041816327774471196,-1.0215042151299962,-3.6203572401668835,-2.7217179659634496,3.721525813567042,-2.5598322584984334,-0.017691918340980273,-1.1891311576230388,1.1592382931604415,1
710,-1.836169105182347,2.0040756629965775,-0.45203858898741367,-0.05757129520157793,-3.091191379485613,1.2506004030959097,-0.06880931309732463,0.2780258163858883,2.7472214610631536,-1.9161596923570219,1
711,-1.566185474749914,2.427654381121205,1.5192882732794772,-3.4889866196220654,2.910825754149,0.19024239881398167,-2.71899378787702,0.7309109996993064,0.4471139224074022,0.07255395125639441,1
712,0.7209878352558489,0.6470004993001728,-0.11410114449639008,1.3974492448773552,-0.8219345775195259,4.04515333639872,0.12735249369666524,-2.9326765051427035,1.4094472513924339,-3.1182104901953043,0
713,0.3511717838046974,-2.0911273286980476,0.9010519268699864,2.9820806831087054,-1.326362049610331,-0.3968346798199316,0.6081889978180685,0.3511091775571413,-0.6051787292198272,-1.2345311295093402,0
714,0.9705975293036809,-1.7595733869010832,1.797897978930827,3.5487115469983035,1.4525230772219864,0.12360654881361731,-0.7571267487430056,-0.1369146910481851,0.08885109267685598,-2.8272980856933785,1
715,4.402726530591967,-3.024775201394525,0.6891035929512361,2.989811232214064,-0.2909649123324707,-0.5635312068493227,-0.15827924951163486,-1.8194725847002928,-1.8781163455213625,3.228134079940329,1
716,-0.29991158798653017,0.5547584203222647,-1.1046638623081724,1.1124669381846792,0.5327994365104324,-1.0558453742758704,-3.1651943941377,4.664277672121298,1.526385748168401,-1.2570606788376106,0
717,-0.08286047694042264,-0.7512443746221218,0.916385694637085,2.930238971857064,3.3870335410150405,-0.7161642047140697,-2.2799464042947886,1.4528819972243447,2.092491512847165,-4.152715452868323,1
718,-1.557344900154192,-1.5913201168464919,0.5442226903876619,1.729586782877131,0.6628558186019791,-3.738779327674769,1.0697371711693644,-0.6259148359047251,2.8845989824617435,-1.2589968060807286,1
719,-1.143266216884418,-1.361540801592382,-0.5383108589167064,-0.4344493629449754,-1.297639559693396,2.5869760577821057,-1.4548693654886284,-0.7350576113126019,0.04405294479425914,-1.415502020013304,1
720,-1.0497346526689926,4.420621395795692,-2.1928114437705775,-1.973226771200511,0.7804710068657692,0.7407909867957374,-2.3672960638248624,3.3579458295611855,2.9827622838844983,-1.3307151784279256,0
721,3.831839272527622,1.6077606979412373,-0.4837699255060075,2.092033667669121,0.813217293352977,0.49102743599822757,0.7283868535005285,-0.4973949411924101,0.090053045821893,0.792106730862657,0
722,-0.2466165431213907,0.16587505585705564,-0.33939045386986355,-1.4598057708825312,1.7975020301824651,0.831911836644173,0.8963349932725444,-0.5896502691465673,-1.5421837975183386,-0.2458603237349286,0
723,1.142345879872223,-3.1444676886040086,0.3470737503147666,2.2959736455351805,2.0288710252048014,-1.3012545268257365,1.2945912677919449,1.2910075699856656,-3.4419815860208223,-0.46364999932841344,0
724,-0.4341616154381138,-0.41349779612276993,-1.7356699974649248,0.37099045329345154,-1.6408149221947794,1.630335359374302,0.24304835514721712,0.6282116845234742,-0.09212040951893274,-1.1981207467606116,1
725,0.582161237114796,-0.26757730363748355,2.050343441247076,1.1849666089706883,-2.1721949507577865,1.2461062602055617,0.6334106005486306,0.7299221923795829,-2.887053917474125,0.07868878591811157,0
726,2.2938294233804815,-3.141994627973849,-2.1779025205721334,7.614426274757459,1.4958508834260544,-0.7459139531216712,-0.8397376391932748,1.4303978963569541,3.4596199655717443,-5.406210258935171,1
727,1.64820212139899,-1.6177582975612113,0.5488594391617898,2.841672306240457,0.5306866959251222,0.31262152489256906,-0.8872052246035548,-0.04334975010898745,-0.07902555417992474,-1.1174599569677126,1
728,-0.1840469097746591,-1.924396572293782,0.4569328344457799,5.57458707656636,-1.629996908793328,-2.370772359085357,1.425283763575452,1.5597138358773734,2.0582001660448923,-3.4678250313127137,0
729,-1.7170388201212354,2.395517737087257,-3.1779654658661536,-3.4683215167252266,2.335369663926116,0.9522151536942127,-3.0118015620107537,3.9783387450234007,0.8386869875279956,-0.8505163764772817,0
730,-0.12465432215582473,0.5030080780886121,0.8232268205059826,3.4122450017457235,-1.8346328355831472,0.7622258931511872,1.432729472892158,2.405931515858943,-0.6743865745602465,-3.4744421542471806,0
731,-1.0858257106615812,-0.2357658391548222,-1.246719413682032,0.13425634092155667,-1.8063380410037668,0.917335044794693,-0.576276886756072,0.8661089034313574,0.919676780392057,-1.109786786205399,1
732,0.4870475947031777,0.4801099117358405,1.2768835452668423,0.15934529014211427,-1.595458187208653,0.062250979203020876,0.754033409848487,-0.9655678410696191,-0.41171813290889137,1.1434303685735263,0
733,1.2974109265723062,-0.8981580924249033,-1.2120896589180148,2.602742845709934,2.042598059808939,-2.9938943857700666,-0.402088545542987,1.0503851574026046,2.4283991998529517,-0.44170903753573953,0
734,-1.0694623797834355,1.8534977660483256,-3.004983056335054,-3.8457515509819378,-0.5377182293255807,4.076897569621253,-3.699064500608926,0.5708066522515223,1.2734993994215347,-0.04740372719420294,1
735,-0.9096242528859606,-0.3900861260770292,-0.7786450514531034,-1.1826434042042524,-0.3788875459069435,4.342903582715181,-0.08273357499478085,0.18639307259715,-2.840712399651788,-2.211671381163031,0
736,-1.0912870116986428,2.075794032992755,0.2952588426939293,-0.11234370214643265,-0.38605602412109175,-5.035115647021271,-1.8933576064591704,4.467706813989606,3.0476611204710147,1.8069351189375102,1
737,2.289287542967229,1.0463780813292238,-1.6328023648111178,0.3908380667466475,-0.9986330738093334,1.4233283510462282,0.9347612750812146,0.9197860790151329,-1.7420787640042494,1.2937233007278266,0
738,0.07453473693744206,-1.3935893008156308,-3.3014515702833345,0.019556853981488563,-1.1467349981744386,1.301151559606005,-1.4630262714565547,1.6954599667418333,0.05378817565215721,-0.09919934115338869,1
739,0.9543311595725142,-3.1950527571731526,1.9903962826594006,6.523103122378814,-1.5582932690633884,-4.102917521654377,1.6125126552806415,1.8563013582386823,0.4188401049571173,-1.5599323377289114,0
740,-0.27939206747508516,1.3153373349255437,1.3568546705220872,2.750567468161445,-3.3264893675065634,0.45932927718738337,0.9931577394008216,0.8361907453721431,1.2408186130125478,-2.175561265521586,0
741,1.2219811154527898,-1.3495730678532216,2.1025825071980853,5.6534243266352,-0.51638863233581,-4.614855078387835,2.7988523209789866,2.639240285961585,-0.42965272774084295,-1.0554388961806778,0
742,2.575911644012499,-2.692114578384753,3.2454559257561364,4.8528362267411955,2.799867159145401,-0.9664746908568381,-0.3386666965744416,-0.9794300829368645,-0.9003389117457705,-1.985865763066534,1
743,1.6678450510632588,-1.1299114043897573,-0.4977859392895123,-0.86714230166315,-1.5423180975615502,3.3843893834198697,-0.12872366123010082,-2.218297673850002,-2.6022622970310483,1.792126365987528,1
744,-2.382261366863776,4.046105671947785,0.455848198834256,-6.667136526003943,3.8255559580964404,1.1493835576807854,-3.9486128270332395,0.5818266607859077,0.9539453536235751,0.998570853936392,1
745,1.4702091120765102,-0.6990328842328082,0.49608421347829557,2.3623802982904665,-0.2159284126738643,-0.47032994061466227,1.4884150828886673,0.9967495517787298,-1.8357064248097046,-0.25937785266521285,0
746,3.617236946174275,-3.3589975630724456,-2.4862284785692568,6.406301111111195,-2.27740575473931,1.1271073772987381,-2.429423899495799,1.8159651285905136,1.4472573507378166,-1.6649033298162137,1
747,0.9861469586596597,0.9305314386938257,1.233338242234972,3.516695256621534,-1.1560026921971678,-2.7258031051081537,2.4515244603285153,1.398844610687834,0.7797996969250434,-0.6380972275401133,0
748,-0.2981840369531843,-3.0072575462908007,-2.051206791331363,1.2183262181977532,-0.36850012336094673,4.239692440763255,-1.3717140650769308,-0.2563023095067207,-1.1011163990214416,-3.4793814764324718,0
749,1.5267393675794139,-2.430873046891487,0.5396501634141637,2.9029897128510775,-0.9758607697194558,0.4399724263080363,0.5338942989927198,0.5904503083732373,-2.3299762441309637,-0.4188685307582528,0
750,3.7082507094944903,-1.4487496305787313,0.09201187238364983,2.042730511231506,3.546681278426564,-3.276952541752905,2.818299577305843,0.708072286075232,-3.623169312778632,2.6102528904158198,0
751,1.2865652764506,3.5056426698221546,-1.2521304784311407,-0.9461583959954442,1.2845348041897875,2.0184520243464825,-0.625203917409998,0.2823109250620942,1.0756213247929045,-0.5701726199051608,0
752,-0.13819104979859698,2.2785902662404753,-1.6298919905204545,-2.5089288257768887,0.5622271991696053,4.780988427885596,-0.9506684218337103,-1.4876255338363058,0.2054736600602559,-1.5527101203145754,0
753,2.9946633150730957,-0.6160625806711053,4.048842307127771,6.598324166586635,-0.22941981275476597,-9.206266935066711,4.2472532660268385,2.113059064486381,0.3423178711364978,2.6264019092488042,0
754,-2.839788450446086,1.2958893636861872,0.9542304101858345,0.6473020200110514,-2.1953564951784488,-0.6166739024088355,0.7995700369116581,0.03277271244447877,3.1201564438338307,-2.7891202417349064,1
755,3.7012334519026555,-2.913468447152059,0.8035976552907681,6.3430733103573536,1.5268480097928903,-0.3931314251060614,-2.79296221883227,1.1574890100916126,0.9100395388010295,-2.169124414065748,1
756,1.0909714459469937,-2.2727896850052955,1.0583701545670303,2.414210830263099,0.5312170553262714,-1.7794232137700314,1.2151770240820339,0.24902993181631605,-1.6485198478009508,0.21171674911939764,0
757,3.194822686988815,2.1886160323564896,-0.804484877640209,1.774286789212341,-0.35325954580459595,0.111695299317611,-0.004622815677488679,1.6203483458515602,0.07795262415756588,1.1163882655631472,0
758,-0.21214006994186585,0.36153898562153897,1.4227004888885149,4.162535723554136,-0.9698047759527637,-4.510686764540817,2.7176986652054014,1.2444390164401666,2.6539593476964245,-1.5535333009671222,0
759,2.17793382315706,-1.234816606351044,-0.4462776370433835,3.72730149755585,1.5594027753417046,-2.1887227873216006,0.2858536034627972,-0.10773323531005286,1.8966393367909558,-0.7754189010112511,0
760,0.059970334653964064,0.14611929908132515,0.9753524427486717,-0.2952810654415642,-2.0623633206360488,3.381001312317661,-0.16638198825717954,-0.1319628796338035,-2.5451422545331774,-0.5367247797198527,0
761,-1.103931984841621,-1.2025033214172205,-0.9357534841178887,1.825989899929274,0.8347251287446151,-1.1423156765523916,-3.4179557387140824,3.4191407676247243,2.461119141720073,-2.562060656953413,0
762,-1.5558669779658452,-1.3063036443742464,0.962466987081267,1.0543646843669192,0.32897333027722264,-3.3597757767468144,0.7932067432880556,-0.84087319621802,2.4474018360036833,-0.5922523993032716,1
763,0.31757629288506595,-3.1588577226182544,-1.4599383662419845,1.6278158572587509,-1.508096812514772,5.417043387872693,-0.8191497114163937,1.1278712020683854,-4.099825774447026,-3.2053906746192196,0
764,-2.6772421494976193,0.18480942011051127,0.7144666827958814,0.21419450931029047,-2.0145529839724956,1.3108495035533294,0.020656347949438603,-0.9416636182933589,2.109106978169197,-3.106415157585606,1
765,4.180735444075985,-2.810773757652525,2.7068916961130416,8.0496005833673,0.2648219600994628,-5.62136222213742,-1.1683100020019215,2.6668986880196917,1.39001335301276,0.6015746867194551,1
766,1.779561715421707,-2.005126453441048,1.4922357683966698,2.8953822877337188,1.4317444869354992,-2.4573531251277636,0.20584136099854256,-0.5093329712612773,0.005043978755367884,0.42399080048827553,1
767,1.5510545858870408,-1.3314125164017412,-0.04212760283643213,3.9788071428725664,-0.016387893099946815,-0.6098951761294595,0.06479090167281987,0.45615201231726443,1.0613807872634156,-1.835542555580436,0
768,-2.1251654690204886,1.9378108912416336,-2.417780097151462,-4.109275563600064,0.3920654882253253,4.414977236825785,-3.1865235404722996,0.24307654373097531,1.1303908078935982,-1.6313560326425338,1
769,0.807210623806456,-3.372184835882828,0.2514889351240365,2.402890819817373,-0.5209106278186882,-0.11750529641014242,0.04316367560803647,-0.5081697707354369,-1.1459824237442613,-0.36234499204355974,0
770,-2.6887516801743567,-0.12873327763132136,-0.43341149368467047,-1.0812350689556816,-1.8569011738537085,0.48475504502050076,1.0754524989986236,-0.28838006855313014,0.5753498737354646,-1.3351941757589054,1
771,0.7259838349007615,-0.6444254937716585,2.029246548127805,4.059566281322943,1.0458646766278539,-6.0475096768324486,0.9881252739972441,2.0377080387648636,1.9993509350274152,0.04960922700145898,1
772,0.35310309058017597,-1.3250680828830206,1.455667830359066,3.0886020329599555,-1.2997090227503338,-1.4639222499335707,1.150266689698558,0.4769701534652703,-0.1348333319984235,-0.8716895042049717,0
773,1.6051773044044224,-1.0833285209064956,1.1875888079244514,3.269225610875057,-0.4773998229141002,-0.4486170945358073,1.1272197896093155,1.3712443589261265,-2.0100287422384264,-0.7490304488170665,0
774,1.793548903295326,-0.7882364912923332,1.7902196604487783,3.659859437859845,0.5971041363035221,-3.0195335488580843,-1.4604396339611603,2.091788410052943,0.9709733272388446,0.18931564356739194,1
775,-1.73709165082016,-1.0366329266389518,-0.9929352990915474,-0.8147713359190192,2.83545070832996,0.42251697665037485,1.9092086706629936,1.3277864850875776,-2.743495529595596,-2.6683526050317186,0
776,-1.777573328340265,1.4950607582105118,-0.7883855259605292,-2.0922369422915796,-0.007514979879727823,0.6781844558914789,-1.1699597755843514,0.7660753309273789,1.2903302857181314,-0.6444335121968565,1
777,1.426863316324865,-3.6480169853005666,0.0064000714333913855,3.726068248996825,0.8730285041757156,-0.5096878034730072,-0.7891303664356847,-0.5881378052048967,0.3547145782105878,-1.512466061975954,0
778,2.3707189471715697,-2.1638903297201253,5.654266020880748,4.591242841546651,4.28571024039566,-7.4281851367220675,1.1665444359832948,-0.057331948737440186,-0.4236335812099692,1.4676340189810957,1
779,-1.3894117546549118,0.04561177653197179,-1.0323309075437224,-0.45852019835826735,-0.5022243562217377,2.448665636351638,-3.1297375770271563,2.3371228460933717,0.46820026583218577,-2.3247349059083318,0
780,0.2990289276139333,-1.3855047743487876,0.21010721995599468,3.62299449143073,-0.5449388819413736,-2.207988857349379,-0.09911380464970809,1.6136182292859267,1.6216145905229824,-1.5335600418614168,1
781,-1.274195868924516,-1.3395375289291631,-1.2416476726476802,0.1927792523472589,-0.6590629145373449,-0.07993173060062103,-1.9638380021663848,-0.4373762604674911,2.9559339692471536,-1.025058282578435,1
782,0.9128770440175462,-1.2682423089577353,0.3845285483195571,4.057992215134215,0.9806804643659062,-4.294155956521026,0.3197980730223773,1.2074085197687756,2.690296766351983,-0.8372921586147082,1
783,3.015528626565905,-1.5521853558311638,-0.852134488017285,5.730285338991236,0.9712453733088502,-2.2326505476928364,-3.3528379631685645,3.212732331035269,3.0836460711815414,-1.4222418346240588,1
784,1.2446204429800436,-0.9601087321377302,0.2760812952936167,2.319998932581822,-0.517941854746957,1.769827241201085,0.4430097918780608,1.0450414577162208,-2.310626219741855,-1.616484410419778,0
785,2.584619409493198,-2.783993953861657,0.2726915166637096,5.420683325261338,-0.6152916496170311,-4.023125407244004,0.9790209613134795,0.7302156317607469,1.1544776939392296,0.63361203693889,1
786,-3.611616299783884,-2.7615559088448505,0.45781376078470837,-2.0367560384012613,-0.5094483011125137,0.6848854926360168,-1.806536457046548,-1.538529777595282,0.7313304472280682,-1.1674750120438728,1
787,-0.2251693624975244,-1.7873283216766513,-0.5513124913085561,4.729259035730859,0.7554728396327328,-3.7723334850579757,0.8060460524118445,2.401748993729362,2.629644953628682,-3.064643960231858,1
788,-0.6728279812883031,-1.3712696907929107,-0.5230970412360074,2.681996498351956,1.4223548826748098,-1.7037438248314725,-3.4787068078391203,2.853732720533699,3.2873463764610245,-2.8755112881489406,0
789,0.34051785398584644,0.45353172797558106,-1.3414255909604553,0.0876478889767242,1.4862448355696931,2.57947092286135,-4.1265307575348675,1.069046725407657,1.8875484601975097,-2.202578639470617,1
790,0.15115163956916444,0.2900913077220625,-0.7814594586626893,0.23145459898227744,-1.23273107007843,3.341662371398034,-1.6066701101009295,0.7928304018877375,-0.456228703854739,-1.632105416604494,0
791,3.7070522573070996,-1.4188635645592624,2.3771143890698734,9.09085459613614,-3.4847351337928143,-3.910308454282182,0.9289054165221292,1.48689717664311,2.7102634829338155,-0.8324908367437416,0
792,2.1491814320209417,-2.2666624085551783,-4.3869604710233165,3.7259484154733653,-0.3682529407036016,3.762536137861642,-1.7454605695863992,1.1577572662925626,0.847025829393887,-3.640845172572267,1
793,1.4465057927533547,-0.8574484467356456,3.287722357080877,2.8172563514904567,4.250486844398328,-1.7914647274029754,-2.1808122410741655,0.3748578702096247,0.4746232355295944,-1.6964401826398658,1
794,-0.9435651703575746,-2.363392345587248,-2.08175527645227,0.3480634926933183,-0.9724875938663367,2.736180334433689,-2.1952352118988836,1.3937958571000326,-0.6093769595388572,-2.133173525835913,1
795,-2.2408946686827496,1.895631608906592,-1.4132937527326703,-4.528848896410592,0.2644387488647194,6.256028964614977,-2.916304386797517,-0.7237017716971204,-0.37962435756685764,-2.2549724967178006,1
796,0.964834123810678,0.42445128009418553,2.877516850361502,4.11462367746014,1.7817931680422183,-11.01963657532287,0.04823826211805571,4.789871784479175,3.4984797932441185,2.889887774122354,1
797,0.7003810043339662,1.0759838735330556,-0.8712628085749211,1.7571955290251222,2.475244573273475,-1.5853703819739966,-2.659069590241602,2.6285860411875746,3.1886117556816567,-1.6949793033170493,0
798,2.837106464231127,-3.3723983435756684,1.7765626708655617,7.68584680219384,-0.08728547719042967,-4.556798318633608,0.9497713755558586,1.494723938426793,0.9934778897507534,-1.1103953284418013,1
799,-0.9970440551177406,-0.14753361373543394,2.177413887076961,3.346091048081604,-3.495325366934005,-0.4543847516427828,1.189009061999243,1.4913719770889327,0.2817046450213003,-2.441135951666178,0
800,2.40655817123591,0.6961944995250066,-2.3133045656047324,0.24308713287505013,1.2876979387560716,0.7984799918342497,2.603579699153584,-1.2482385704359178,-0.991876992825373,0.682295760825758,0
801,4.601099876337192,-3.9824167893781115,1.6094918900461186,7.986339255597112,1.8721114618263304,-2.2290472676830517,-1.00111784490713,0.1256127352790588,0.6931762061677349,-1.6577599654143225,1
802,3.9775797620346487,-3.4781856723026885,4.92552332289618,10.733794420795261,2.0777117565054914,-10.6792625316015,0.9553003821254586,3.3990557832802293,2.3323003104617888,0.05009441039220475,1
803,0.07915319926575703,-0.20902631272436545,2.473762772830954,2.972446265152635,-2.4780551384182994,-1.3398424969735627,1.6096837804721142,0.9332664207546618,-0.5365607784684923,-0.724325684927781,0
804,-0.9668610234095774,-0.48184953642309536,-3.013844969946228,-1.7753712668023547,-2.354833585959428,3.6383193901630397,-2.284205144998515,0.2899225951856572,0.4613379940461668,-0.3882190671882524,1
805,-2.1024677097173856,-0.5487982477031668,2.092032241022859,-0.7774822502338529,-2.8680846563949647,3.332414246651693,-0.8417532900432103,-0.39503733391712204,-1.8125423720903162,-1.676184177965268,0
806,1.6344332190751194,0.21212218912612113,1.3225909608872912,4.020790597035175,-1.081902508454294,-2.167243515933739,1.899968935026322,1.2867645833074328,0.21741177662592515,-0.5845111076974656,0
807,2.11309129429364,0.7276384001484932,0.08710807335069104,1.5462396790619652,0.15584289958477404,2.097399914877783,-0.5225311109469363,0.3009402278489245,-0.8540565427105917,-0.8256349734426182,0
808,0.4870613096731584,2.542588610513057,-1.3654221515203324,-0.42262195900564065,1.9332427755693602,0.14168107639184999,-1.3440522302187823,1.5004306422978702,1.9992408333324296,-0.9081762496513788,0
809,-1.2168630493566734,-2.5343806871679098,-1.625383368007312,-0.22306949046616253,-0.283547877544848,1.0845653424932578,-1.5329906311414123,-0.45449811290116204,0.6913383318020941,-1.11698741134624,1
810,2.6797629328783463,0.9371748632388227,0.0787540303296086,1.9528702521841248,1.081841422647658,1.0900126359482232,-0.5285486750899255,-0.7378493366721137,0.7291057301671114,-0.5737754142437601,0
811,1.5832041020096552,-2.9372488356639335,2.003888306738549,4.509717603392216,2.2660608052761413,-1.219163325280451,0.3884665435961221,-0.9198880187099525,-0.20199127573174214,-2.4557587565628696,1
812,0.21903309419423256,-1.2255983212795618,1.1941125920650775,1.9861702072643224,-1.491715493063348,1.1356864984879176,0.7119698153633423,1.2734408309370835,-2.6547457202525084,-1.3316743102900113,0
813,-1.6540777778893316,0.6608814681239753,-1.553404454196301,-0.6759971356095329,-0.20968408139894534,1.5914506370951542,-3.0377156546902775,2.539794514153189,1.6485455220118352,-2.267729669354111,0
814,3.517817844952667,-5.476206116857453,3.505362528757413,10.631215402317258,1.0967455368414443,-4.247236559763906,2.691895441180906,-0.46978783711459626,0.02547539876503191,-3.639372480177388,1
815,1.044817582220297,0.2190437900616824,-0.5875179081365846,3.3150760761488143,-0.693844746946886,-0.15990430724331509,-0.8776966711413359,-0.7500053939616413,4.242473306208966,-2.1724679723070732,1
816,0.7908048332187599,-0.4681705275224839,-1.2574877145942416,2.4629035725251476,1.4877135650924007,-2.409380594780739,-0.12233952823704175,2.0271030154826803,1.7018432853527163,-1.0628463588256156,0
817,-0.7213548803844452,-2.953906410922931,-1.072683182679151,-1.605683147949697,1.6381973230567284,1.5350311321987324,-0.5310691481824732,-1.9886689954024437,-1.5428250364428808,-0.1468138480261476,0
818,2.3887312517982515,2.2164291569948467,-0.9861970550395982,1.3639414831363288,0.6597865710757932,0.10759558701178991,-0.6765126844985629,1.635310205886527,0.9684104090861625,0.11355441985042569,0
819,2.001659507728748,3.002811864583938,-1.1351024061440913,-0.7517705069813264,1.4539903527245643,2.029910831793322,-1.150544723625373,1.4301856018973063,-0.4563881927943403,0.17687244661348656,0
820,1.835999996800447,-3.562722833701745,-0.6044300106413576,2.2583147509359236,0.36488591869651876,2.559929897695196,-0.9760546546744844,0.17404231697141925,-3.1165346324334844,-1.1218123879530366,0
821,-0.10618340806631443,2.3144315070088797,1.7992025523916846,-0.6028149975307654,-2.6364254828180287,2.037588964639809,1.281045175537755,0.2701761716885315,-2.0323106290320254,0.16186155829328275,0
822,-2.3166681325470586,-2.064387901833493,-0.481128475194316,0.15824804492488315,-1.6331500179625338,4.648758981758176,-2.169403405828719,-0.6725045747982528,0.11762112846675199,-4.2877467613663285,1
823,0.6621679506426768,0.0850864103810649,1.1898379615801622,2.908085762991075,-1.6796899195858626,-0.1927101183104546,1.1476257116767392,1.0482436001817879,-0.3584502056888639,-1.3488081038126132,0
824,1.7997769147756242,-2.1117705969446776,-2.5869249195391224,2.5246799505128665,0.5704461184655927,-1.416329373585154,-2.394640349133506,1.5684896002646287,2.1712898168401535,0.2624332396778417,1
825,-1.473572845363671,0.9339285792500895,0.00092235173824462,0.3168869381374457,3.912042511961855,2.90009997069408,-4.660552839125164,1.5715147447348174,2.603284276260728,-5.910915662508901,1
826,1.4010864037315234,-0.7310916511176049,2.8813022088094975,2.4284247435956856,1.79148078628113,-4.296461131833951,-0.6296800601809275,0.9883055631800953,0.46697988604362417,1.3561161113838804,1
827,-2.6680672699274606,-3.347198887201884,-0.08912807326227845,-2.7291442805656816,-0.40272798239243723,-0.4853101037067599,-1.871474276827639,2.6752658345917935,-3.735327356601095,1.6130248051773668,1
828,-0.2221588813373334,0.0993674387936494,0.9848285709268516,0.5583952299462327,-1.1041751770964872,0.22039531119891737,0.05209958751417432,-1.3233196429781349,1.1282801053217688,-0.38595913322979203,0
829,2.0200494862947296,-0.3004353192547752,2.20194225363737,2.225406554007287,-1.7835930586702413,-0.19541608815402095,-0.2500297872560848,-1.1775923355232538,0.02885037452710515,1.2748542094269615,0
830,-2.7706048404708823,-0.08721545842975997,0.22914663823074288,-0.1665660482109795,-1.8329722727970905,3.2767664498701774,0.560819558099543,1.4552921313769869,-1.8301251175269464,-4.0208414560873855,0
831,-1.1978673362224765,0.1396889166861912,0.45856021156419846,1.591034085246739,-0.9983146292883877,-1.2368961074868887,0.7338236890364058,0.5982478863003893,1.840361861662108,-1.865579574146008,1
832,3.25493274127683,0.5004671032015169,-0.4207402195905282,2.105230670127336,1.7678679385994922,-0.26809124798417366,0.5603754413077371,-1.2200000154602182,0.70922782330507,0.4147392818419253,0
833,-3.86547247069774,-0.18005700233763489,-0.7743686965327516,-2.699904614448829,-2.6504986433730795,1.7333677030159147,-0.727378067286442,0.5403255092946166,0.290194758559601,-1.2029037755199778,1
834,2.0822662417257245,-0.6825428111587002,-0.6753828452608202,5.87411884596938,-1.0309021110078525,-5.766854273679284,-2.257309028318309,5.181358601345495,4.245618606903513,0.3346250315141188,1
835,2.3121168364514597,0.9820195985734155,-0.16654304273054366,2.440816104371294,-1.3954142157561567,2.2323311879219747,0.25254056792811674,0.9027312389430686,-0.9534492667639494,-1.0016515299588322,0
836,0.15683876852962775,-0.6223375810590832,-0.3173804874652749,0.01781496087837015,-0.5619081935267387,-2.389886008047239,-2.2112595655002396,2.5869202772079563,0.5632791040695626,2.237446762918112,1
837,-0.12024812035555321,2.105475290298913,-1.372895972059084,-2.271355529737669,-0.20660487556937923,4.497135017198574,-1.2353120957697064,0.34384744602851525,-1.106009194549463,-1.0636208501485376,0
838,2.4314602299098595,1.8544729946388783,-0.5504266434027293,2.723936623347347,0.877569056042681,-2.1725301569840427,-1.1525272037717709,3.264953810876955,1.8189564844088386,0.1935385751638734,0
839,-1.5799957576706594,1.4168019313192652,0.7333958855448166,-2.6713875073081583,1.9574019387397705,3.366257733258523,-3.8610804180105838,0.5532632964401072,0.06047298503562115,-2.1011855147674843,1
840,1.7225713355037657,-2.480791474497611,0.8124368137981663,4.566035705045111,-2.2965412755472334,0.46690198236471997,0.06750040675839308,0.6428477126142371,-0.8476124640705429,-1.3112434673508142,0
841,-1.1688017046648427,-0.4208868454034079,-4.9028860634044324,-3.4380637265012055,-3.821825544579984,7.6912706665536765,-2.602220084180847,0.8477910972664671,-2.054265824705346,-0.7869668589354089,1
842,-1.4503934075798681,-1.3530907745492595,-1.6942258161785033,1.0149951895965657,-1.1200140120035602,1.5412368787118418,-1.3539303341772362,0.23075028766719263,2.084669243206338,-2.969971684716826,1
843,1.1351430804839528,0.4232969883939144,2.6156522135544797,3.7583159984252195,2.546387072595641,-7.453847725978426,-1.3513471939522441,3.6357909887987474,3.1665670656145926,0.8627255151184285,1
844,0.9189122363136176,-0.4219775812358305,2.4520086573312465,3.5476161988552346,-4.710462070106642,2.5808076753066373,-0.2709291408236114,1.1841404906551498,-1.798212703648316,-1.5341610468473512,0
845,4.314090802408778,1.2421517657981305,-1.0208928395456278,1.3022325694257857,3.4594997590898378,-0.7792523008781387,2.710346126288276,-2.669067453904371,-0.011586651163465023,1.547012989198461,0
846,0.03187884399046759,-1.6333190116056162,2.3192925148857526,5.273905987135199,-2.273651754036992,-5.514405040279365,2.1460524754784203,0.6243525326911354,2.76046691102143,-0.4885696771314879,0
847,0.7744669729716332,-0.8239866258094497,1.112758572888962,5.092753271748778,-2.2677367951641942,-0.7166300271520802,1.456986459769354,2.351554109376772,-0.31483184956300636,-2.7273689715581977,0
848,-1.4261145230501433,3.8475829487163447,-1.9432508705734741,-4.351371358019814,1.0192212989577178,4.066841491573108,-4.343982356278808,2.2604182555573176,1.027390030503686,-1.0540212403125808,0
849,-0.7668736269254719,0.6471409232565579,-0.19094910982125302,-2.0706250041910526,3.3819606941186766,3.4722866567580657,-2.0833996644724513,-1.4469347155800127,0.10383325470386195,-2.6567911475361417,1
850,1.823239068430734,-1.2783357467618908,-1.6463460701426453,5.046419486492563,-0.3608024584956022,2.019613594120564,-1.9685937050566595,1.0611399682142482,2.5132711570182957,-4.311580096764078,1
851,3.9584329965581815,-2.1699881590389634,2.6141108475871473,5.789579248118796,1.0897231115304051,-6.92798915309563,2.6645261564870366,0.813091292759467,-0.5194182829472632,2.8347245500633043,0
852,-0.6600667779604066,2.674190703662128,-2.028004696370442,-1.983726379863188,4.119186927211873,-2.5144109554837297,-4.6729089682387706,5.204311593319885,2.9919952793567033,0.1365522635411065,0
853,-0.19737433599624377,0.3926256588966488,1.0263924371880724,2.5851926386774053,-0.1641072702443812,-5.005595126314028,1.1174125454365798,1.653130436051071,2.7423009658334205,0.11765108343970221,1
854,1.3994172659637676,-1.4670888169088543,-0.0731551501122285,3.1655908890227784,0.9831373597461673,0.1767172619087381,-1.4928422305603541,0.39722378129593894,1.131567234463425,-2.0124899328548294,1
855,-0.44320998513737053,0.8725350662185885,-0.9577849706652894,1.6820994803507328,-0.07657924255857862,0.8586207959946783,1.7533707656911943,1.9220430348020001,-0.3628331000703292,-3.2754459591341973,0
856,2.760382852485534,-3.0833399905594545,0.5257425318778302,7.080266025176676,-1.4132595808546737,-5.044501496094479,1.0984733152320123,1.790794630832316,1.6754146937006111,0.18921684999350585,1
857,-0.013129821699745747,0.972316728642028,1.4103351352377609,1.8567818617942542,-0.9992214660222731,0.23598252043339488,1.9102074398988218,2.2440163584040356,-2.120967883661228,-1.7953996926041282,0
858,0.4091525471182129,3.497228739582533,-0.9807412946866388,-1.7162044738381976,0.4501786351168783,2.912934709242795,-2.664375884738485,2.457641694044945,0.11750446659439895,-0.6640869046912706,0
859,-1.083924426079288,0.7140359251787365,-0.7750291629881576,-0.842662506596612,0.40596801850991615,3.504373087169039,-2.6736130014021953,0.9319996428911793,0.4657249784323112,-2.8900361691059233,0
860,3.122155259854793,0.12114629731968796,2.310888349675137,3.742303451469552,-1.9162959148358458,-0.4275408104322719,1.096512658347276,1.1530589702632499,-2.219739626913176,0.9968393038417331,0
861,2.5650376001012534,0.787193951176465,2.7434400636687,5.161275044905952,-1.2068782561851337,-5.259430011141173,2.664201799846933,1.1281254535958831,1.4019180274544731,1.1975563516483034,0
862,-0.2014759307322005,0.6474771633116625,-1.3431682556584406,0.5706548227466731,-2.0595032118337553,-2.75785190469171,-0.5326743211555067,2.60137654760321,2.1418009440165564,1.6063463068227142,1
863,-0.27833422539718244,-1.7145990130753073,-1.1982220993582684,1.1165649700641829,-0.15368306577455026,-1.0312841196316866,-1.472625791659492,0.8712021224067081,1.6089209960889275,-0.4217474325811683,1
864,1.6442535509355167,-2.265451010770226,-0.44430846579501493,4.204789792786314,0.5492803385097516,-1.899347055234262,-0.06265132877024926,0.744669226777426,1.245586653097528,-1.2329300708456141,0
865,-0.7200860076776172,0.3085997928139894,1.1262279381120837,0.49008762463977007,-2.614895408182165,2.296583359400473,-0.7543597422180086,-0.8168398764357305,0.5848391035338845,-1.3929686230850153,0
866,-1.9589142800671673,-0.2767909864466521,1.1355737302903703,-1.0182684700143436,-1.5142468352005598,-0.37741404661786465,-0.28759558390912343,1.2047048423350524,-0.9146976033397705,0.17219193311508874,1
867,2.301792732524022,-2.2288611616922216,-0.8124841790858883,5.10132577565548,-1.8804573295980034,-1.5587458248126456,-0.775581602842821,1.8667056305898175,1.35741542848357,-0.43698333510030185,1
868,1.3436856327435263,-1.5889160581468045,-1.3635966469092304,4.575914151923317,0.9176506538828819,-4.492997857537012,-1.1576288176809064,3.485021137357151,3.0747116816249895,-0.7836970102152859,1
869,-1.3913845438586447,-1.9881895611703122,-0.5459478603669892,2.592370233326891,0.18018996474746496,-1.9258345769132876,1.0269611960533784,0.5466116575862903,1.8628637885641166,-2.895514911861251,1
870,4.862898091711026,-5.687472502438878,3.5723401057924056,13.463925436594515,2.5982580569688722,-7.064864490606931,0.5868002057993698,1.8829454698302714,2.4653441284785504,-4.029109565189774,1
871,2.7428527514201324,-3.032223196340652,1.4905426288617654,7.293416587141179,-0.09213756523519834,-5.266666907164762,0.14112210533175307,2.1674392013704864,1.7181402254185874,-0.43392016181462423,1
872,0.883370107684466,0.6536554562309027,-0.3435360568676118,1.6598288123767664,0.7535946494651925,-0.2825346738173375,-1.757300141496168,0.11376111216258755,3.037349204932316,-1.2154267076382201,0
873,-0.3095985472846068,0.41456543956117287,-0.36816909444390056,2.024825639506607,-0.17241363720272918,-0.27104329471618954,-2.869749641366248,3.844291931400384,1.7481934511720307,-2.297839056201271,0
874,1.582592091101764,-1.731452449244485,0.39413017484602275,4.720676295714117,-0.5783837023214808,-1.5190698499853938,0.5656518598387361,0.6935398718678997,1.003400931245693,-1.6010293853489803,0
875,-0.163113637902085,0.4635650889886973,5.8654677734089455,2.209214702387005,4.473148765493537,-7.6429778748977775,0.017895824568787244,1.9000887221608704,0.946286033524669,0.5650702847037348,1
876,1.0062443910858216,-2.2109146148730745,-0.02991590606841399,4.6985518862790006,1.5436556876736187,-1.8076038284575187,2.802945013637669,3.9419938307375277,-3.3589564014654645,-3.0328908224465105,0
877,3.544518145324453,0.3140556187900747,2.7985946368245083,5.434996868158338,-3.728125485706294,-1.7776945530331283,0.027526239087512727,-0.7578036039381955,2.2816134364653413,1.3455887126392851,0
878,0.230094911052259,-0.06471210191090371,4.282417203205125,0.4823669754572597,6.509679433028595,-0.8936740468253378,-1.5157942232847872,-1.6178774378156655,-0.11419457602442873,-2.405503158918746,1
879,2.524245785002358,2.0383210783391155,-1.8457329828152242,-0.44353909208432335,1.7787968138161112,0.6110327903100867,0.43289134606286894,1.1305677490119708,-1.1135323787741975,1.2708894881503738,0
880,1.2635560126383987,2.2208355502583896,0.01544915615719411,1.517155033700775,-1.830675061393789,-1.9729464421809626,-0.6052698175759929,1.6533545252456479,2.648087321156944,1.3394012226853902,1
881,-0.7835680025305,-0.503656256140786,-1.3831291360096458,2.464509772368079,-1.2452414973190735,-0.1635370142870535,-0.24868535523203084,2.431854061996197,1.5624886573370054,-2.8677935614916317,1
882,-0.44326665579225777,-1.416861999248542,0.007205920018921619,4.318069535545675,0.7258455109143471,-4.588648091554036,1.4749753926479663,2.0722042261888207,2.6169784125593454,-2.4068946222808414,1
883,1.5176011665613094,0.7031943726435779,-1.5309577920805588,-0.14549530510826575,1.446665518752349,0.7446795464592113,-0.37811521390336134,0.22983711837532217,-0.061058022764491016,0.3072189682613069,0
884,-0.9258604774634829,-2.7972048512930288,-3.4525774112730145,0.7236476044504367,0.13640791524204388,-0.863639090380598,-0.8086318203934619,2.149558689660709,0.629560012458696,-0.9655517953408462,1
885,1.027690419295216,0.8860347973846536,-3.9763860308523586,0.15985184206827643,-2.559045722104897,2.640744279153485,-1.5850107849057815,1.7519604502414707,1.251350502397018,-0.03823958699326213,1
886,3.9831505465736363,-1.2577477306668068,-0.9522638857889397,4.06310605503972,0.9160155901032941,-1.6610392141808619,1.687089185437706,0.7002818012544001,-1.0194311619794698,0.8571788551291635,0
887,-0.9585846905609379,-3.020792046422952,0.27361622071071046,2.3943945741766206,1.4454676921506517,-3.165339777141288,-0.017863410081810804,-0.5373690425301214,2.330701391300714,-1.6238259201276053,1
888,2.9023657177490225,-4.461230216060509,2.108369251192964,7.691269039929478,-0.5439139753359581,-3.9595699661260744,2.654801185634245,-0.1604344322758271,-0.4963591249001189,-0.9177008784324784,1
889,-1.0006852972841582,0.18327377306014547,-0.1422732280239597,0.17237357327251462,-0.8971152535638987,-1.088874858772451,1.0767567312617765,-1.0013839443187535,1.9477021850883278,-0.37045349838817354,1
890,-1.4418177080932024,0.0926087013137078,-1.147236683432278,0.2836335993570488,-2.0909732561925827,0.9666105538613236,-0.9442297015539269,1.5045384276130003,1.2711435035813679,-1.6227770962499426,1
891,1.7588620679025864,3.8114034956369056,-1.1312934304673838,-1.5558185717927249,0.7337721380830209,4.188050483033255,-0.08906221739081333,-1.0961343188374544,-0.1469668234764201,-0.5453855865293837,0
892,2.229787009713953,0.5441032313738519,-0.7948522582167418,3.2789007565964035,2.4635017655954075,-3.2603021441050752,0.1580379188875498,1.0177721731235028,2.973929095362079,-0.5616025489361757,0
893,-0.16421988449592484,1.3043865232992466,-1.6859652301479495,-3.9327466892892904,1.6198205635719582,6.626553182202273,-3.760897954709556,-1.83592193392353,-0.46148355853038536,-1.3032715190387807,1
894,0.8574393420065899,0.02879849054642536,0.84236815614401,0.438628870483697,-0.20145211199878754,-0.7241522273870915,-1.308171443938031,0.9169732261015762,-0.16182382823749553,1.2484774656033308,1
895,2.4852846456712525,-0.7276582202490703,1.6997255096048347,5.39998833426398,-0.6841993036733545,-2.9862591733685715,2.281865752125439,2.456965765205158,-1.212144268990723,-0.46425959731106536,0
896,0.056673701488316075,-0.4932311231617782,-1.6884706243375747,0.5827096746740474,-1.658987037108385,1.6954348980082197,-2.0741979378802635,1.8600159027513297,0.3510698532436929,-0.7385750882146477,1
897,0.16018500360275068,-0.07890499150360875,0.37560427202949065,3.4600886683102194,0.2650018182587033,-2.5981465151278385,2.6749910845992013,2.259129419027463,-0.021509686269029937,-2.134196050346265,0
898,0.22506027370370574,-1.5994048158229084,-0.572091555687471,3.6398973315390584,1.1912206593612242,-0.9612577751794493,2.242306960287577,2.818639521142727,-1.7895423737040117,-3.385789005571073,0
899,0.8014340706249183,-0.7749719941224724,-0.13050794106010255,2.4691651236346086,-0.5223402874622405,-0.8477416244319457,-1.4302979605259014,1.6047117230303385,1.2459930104852344,-0.7057527532949254,1
900,2.4445078475064204,-2.6243268157933124,0.4308977508883889,5.703862733791348,1.1556926261269516,-2.2378576022360335,-0.08016013751829199,-0.6980563674022955,2.4578975657766415,-1.8892334395629147,0
901,-2.8368519901869043,-0.8691086604159668,0.5519672364045867,-1.0616884746858557,-1.082357208156596,-0.8298428373062364,-0.6704156726574977,0.04915925833340562,1.2168349295894032,-0.6707174711979578,1
902,2.9808386711840065,-0.9949071191318837,0.8980235379135739,5.232312185664182,2.547566841523757,-1.7153717740662437,-0.1574011330850824,0.27589339643721844,1.5041222461317436,-2.165183788533565,0
903,3.777661039803347,-4.6531303285816685,2.70580268086773,8.271049226255975,2.0718546401365066,-3.499319977449345,1.837503310119501,-1.1137693114503207,-0.22293604843846015,-2.0291891924826526,1
904,0.7086072329100812,1.6463101721903646,-0.721614199556439,-0.0368538129032332,0.7079112857190901,3.1477082052866687,-0.9744168286499064,-0.47136301152414206,0.6165459077263785,-2.0286046856066218,0
905,0.5550424664641114,-0.6663777484918245,-1.0970791845953174,1.114938084555996,1.8719025762097057,-0.6168939549826867,-1.5383432083970852,0.4760306057084561,1.8146283499535705,-1.0595993940897361,0
906,1.720387240006855,-2.317430669419095,-2.18156524858734,2.028538825679924,0.8434069559653541,-1.1905961145322967,-2.1931286417852354,0.07160775566197941,2.3350825426712967,0.5050500610556232,1
907,1.4848167033693782,-0.47466936540935256,1.0627457462271797,1.2683380510230702,-1.4361127216965777,-2.0746697888252648,0.06800825241568131,0.6159394520183055,-0.46319741083602306,2.6415900399884045,1
908,2.089308793781967,-0.6788654491704782,1.2831893719218566,3.9301936721066086,-0.4782501362552538,-2.271315368591976,1.3052023348961805,0.8893579091898761,-0.12140702178674456,0.070440839754488,0
909,1.8656653688878733,-2.927364265370344,2.4632287796417454,8.1966609436516,1.2962578942534073,-5.17430943552434,0.0616795063318234,2.196709457191244,2.4879401229389426,-3.108669912400174,1
910,0.11519166973543205,-0.24336519425772574,2.2105888304795442,2.652815077584279,3.543558100296102,-3.4969492250999856,-1.2649260291975764,1.523559315626531,2.0159599235605126,-1.9764967478548414,1
911,-0.7585277670244805,-1.4836962232057447,-2.790330428799477,0.27017850472744714,-0.7046311183778553,0.2068744373642558,-0.24910357489250057,0.7949153130202354,0.9388983528971795,-0.8671849962436609,1
912,1.5292505726726942,0.23944554436402565,-2.369116775938103,0.7797559149414383,1.1191536268467133,-1.6781257708672217,0.3522813451447777,1.135365199695106,1.04125110482461,0.9786483072276335,0
913,4.757152243801689,-6.396074766991293,-0.34197174572151945,9.288863669727224,-0.12090060554336701,0.8620809549315114,2.11514709099089,-2.776728971213389,-0.7127321198566183,-3.584007411450126,1
914,0.9555020331097581,-1.1305867982932534,1.1914155880357744,1.6419561775051084,-2.4449690491030287,2.9127668336250783,-0.3387572583345171,0.3163318300490383,-2.7675659404682516,-0.7306359551919461,0
915,2.3302200348916022,0.02572103465943054,1.987354868442488,5.83447741637199,-2.4305088598332034,-3.049711631789013,1.7279866089483793,1.1259156705137128,1.5466905604060908,-0.4090749543004999,0
916,2.5269083699586687,0.7652706010954695,1.179626951302634,2.5448311745324705,-3.0771880707766015,0.9562501359517871,0.36041843448843336,-0.6015996706385964,-0.03729363782298145,0.9836757920431178,0
917,1.8105955063490282,-0.22731078567365826,0.09068029060546623,3.335777587149276,-0.45103512755743336,-0.15562914354023802,-1.2622232264513553,2.6226715908454654,0.07250590036190652,-1.068577980776484,0
918,1.687410394990482,0.49437495488603767,-2.0621783739492723,3.652262708248399,-1.831756265152444,3.616140314694599,-0.8893955890689241,-0.40649199254287405,2.8084649572077565,-3.838831388062364,1
919,0.5134892676707041,-0.034887218090169814,-2.2742470255135983,1.271254818657499,-1.3929551220831309,0.22417470018762511,-0.663431984760246,1.4822274938261089,1.4938418463227294,-0.4907999621806618,1
920,-0.897115148277698,-0.4839848365950784,1.6832666783231343,2.222710312696662,0.48947354236859386,-2.5449258001239827,0.5001472002440304,1.0136318920668015,1.250426099875526,-1.7828137546603453,1
921,4.389086162081632,-1.3803969226110802,2.4596419032475714,9.428259945577388,0.8522600759568708,-11.370865830493988,4.553045476746137,2.1318693493732352,3.185975833216424,1.8661786631465795,0
922,3.1284764923918855,-2.8839576913401475,1.0832033605875149,5.016094182998643,0.9101011993226394,2.454248687821721,-1.5819361920794288,-1.067091693832983,-0.6852634422498389,-2.888969713837197,1
923,-0.6373926428788477,0.78760718740072,-2.2702073858720313,-0.2066775980452775,-3.7157502282388557,7.074855210977956,-1.4153192018260763,-0.16388450314862268,-0.13037913754105301,-3.5022727575528654,1
924,0.07561122703550871,-0.4733999680322448,-1.9314745326807703,-0.5096221734768528,-1.8300389944945707,2.2864145266377234,-2.6247338215530416,1.2757952661155403,0.18052750130088457,0.1794037174984553,1
925,-2.290444974961275,1.215525527727221,0.7081481965832022,0.08748835975861591,-1.5603660834052366,-3.797618587216078,0.8193771397902856,0.9109832025709144,3.400506261734771,0.12908227120196858,1
926,0.820584722451953,0.6518525933158149,-1.129733215366918,0.7311502240881019,1.4107232150134588,-0.9717196141876392,-2.004204132292063,1.8753163490805913,1.8366393782988595,-0.2077594877219372,0
927,-2.8565224451012123,2.7812218663051067,1.4662541441341226,-3.186698633223535,1.1920024475999915,-1.7336457165119872,-0.30325071371657064,1.2001545158482654,0.9970449502453167,0.12277552376385614,1
928,2.2828591514312957,0.9188071260754911,-1.4400369065736118,3.620349743878269,-1.4757742699657568,0.9942582532027457,-0.33548083039129073,0.6451745705309788,2.4335709084473542,-1.6969219429333988,1
929,0.488582342929345,-0.8422791928461276,1.2049534962496513,2.860126262644442,-1.659944135473121,0.40261518608763974,-0.23793826059753487,0.09848983639222675,0.5104227402236743,-1.5752052522374913,0
930,-0.5465084572712025,0.7183602953518797,3.8045931286646293,-1.0050566605572595,3.6764392637119503,-0.2814066133439445,-1.7280096454534992,-0.3653196669374714,-0.9006200743570707,-0.8347648336855854,1
931,-2.3908000199093045,2.642587532674574,-1.8609422893816818,-2.38232293436191,1.9393427940859995,0.5177025501704103,-3.7808627900758447,4.018515031715861,2.4855343069932685,-2.2234578352179426,0
932,2.9619417875980347,-2.935528082986384,2.4581019471899674,7.905046670305113,-2.1647747005956357,-4.69863635259396,1.7594187533442358,1.8216720844848067,0.2710126041246774,-0.11089997536397411,0
933,3.1366077083047434,0.42383558176471325,2.61528352354647,3.946144260944055,-1.4573005914512087,-1.8345528988162998,1.4939268770616263,1.1594039352124568,-1.5023484353064687,1.3596580574757882,0
934,-0.09523388838616875,4.138431561795114,-1.0507865005597057,-1.0380514100651033,3.0336521562238867,-0.5698814928578744,-2.4128299296462203,1.8611483138536413,4.002551810435004,-1.4072567874130946,0
935,2.9359403314413584,-3.488649203655936,-0.2305248659072241,7.070449740593947,-1.9804423596421739,-1.5393872182241868,-0.2957261384786165,1.218172263262793,1.2505899538400196,-1.4286842831521915,1
936,1.4699877707267899,-4.485863566542863,3.378730203780125,7.522904262296627,0.9346312193929778,0.05732535754975546,1.6812216965679818,-1.5154057910147296,-1.009723036534325,-5.446920984585306,1
937,-0.0019439523602817754,-1.1564563836794677,0.007606303216350252,2.678071612375532,0.9837943988595836,-6.637969477930369,0.10346367698899583,2.6756850403324117,2.862042730539966,1.0551299811842343,1
938,-0.3988324575310509,-1.0451924292302959,0.41924789949264785,-1.2016319421120005,-0.7604185808994556,3.7412178736328556,-0.9922701558943403,-1.096808738562395,-2.420774192251981,-0.6721227692488949,0
939,-1.6788000083258718,-0.7544479572026634,-2.5534974453612733,-0.2987009653786263,-2.528320638609365,4.020035247819238,-2.2829206300742664,1.5950793362738045,0.3725690869639492,-2.8083799753813956,1
940,-0.1596374648239287,1.2546386647852987,0.769608711845496,-1.1508595275986737,1.2711437036370987,0.5909583515618582,2.0582268341040475,1.5152400877421814,-3.800519136592301,-0.20683633820169667,0
941,0.9798225355457743,-1.8114096953732146,-0.42024390547365575,2.605345555589739,-1.1905037294017728,1.8734419066001446,-0.10371611492537924,-0.7664740584881473,-0.06570628420194802,-1.8489789657278557,1
942,2.263066618858736,-0.7917474879415385,0.6295386401873737,2.3652445440003045,0.3251734240518833,0.3534572926928404,1.268045787864056,1.5732467323654524,-3.5093115037484495,-0.05345060200551244,0
943,2.9341557360357147,0.9003959741024135,2.343917690557981,3.175518524954544,-1.8596479775562609,-1.1660713900003032,1.2557741744003623,0.540151139543122,-1.0448056183733347,1.5785862809914732,0
944,0.7602697803778697,1.1222779159576537,1.4828075713037223,5.923179519901529,-2.11740324816006,-2.0162165789586917,3.0633947041992453,4.132905886882751,-0.22161815499974646,-3.472502211405246,0
945,-1.8891526437160624,-1.3488156685484047,0.9165824534828064,0.02862575794825453,-1.0598039671565613,1.2602662159964275,-1.2646942311815137,0.019721696596616933,-0.02078280084798423,-1.8698694426521025,1
946,1.7501509352126743,-3.405013244188273,-0.12185874296385779,5.481973513621152,-0.18091325333464914,2.9104434394090526,-0.3073877030420471,-1.2461656677807538,0.13476511507964395,-4.798270878216281,1
947,2.5943169256289558,-0.9466016035374097,1.3338806585565948,5.397903824008409,-0.7140728222916043,-2.411709383742182,1.1971023589552976,1.111650984912408,0.49628182886455763,-0.6706232501225929,0
948,-0.06476876303523982,0.9610623660221495,-0.9250416842878474,0.5732771961762201,-0.32999696808196477,0.7134326758397737,-2.089220783735954,2.3408848445769745,1.2678950498256811,-1.2533052610555875,0
949,3.8633367734224953,-1.9362250618347874,-2.660218596926544,5.033752388836445,0.320771653404621,0.27175006875661745,-3.701332517514284,2.748235935519035,1.9666966859536918,-1.0293987237749793,1
950,-0.32571175875208525,2.3614263009459124,-1.0113635202480635,-2.3016529231535454,0.49258515515117984,0.22149382034430715,-2.6816599752520505,1.5300197103898348,1.6785598654935185,1.083739027145051,1
951,3.2919652285719994,0.8008527832642245,1.671715569660225,1.1823302869590446,-2.6983214290115227,2.964986794525565,-0.6517206677002518,-0.7499761922037653,-2.462654674654285,2.0443899379510397,0
952,2.3487741548463292,1.429573916411833,-1.1540411315999641,0.9741683377774768,2.7677793524798178,-0.47371734880075733,0.8285657562889106,-1.442142405417199,1.8042018237440924,-0.16581006699606216,0
953,1.6258828989410419,1.1163141281897868,-1.4212583740452567,-0.03731201926840048,1.4834686499007381,0.5418884592071461,-0.29310224892171843,0.39869286847100693,0.1376100586956106,0.3125059566310049,0
954,-0.36335242835382053,-0.17520580953345766,-1.9033215135886516,1.0618318451177435,-2.4103575480070045,4.884631358246736,-1.4759510801683482,-0.19306286756819668,0.983286159697788,-3.5652450360381915,1
955,-0.6016577978990247,0.2788157320650695,-0.30514950005228514,1.3414108590393987,-1.9933831093359151,-0.3795561485315498,-0.48910334828304547,3.8910489334505103,-0.5701954565564786,-0.9112420149826161,1
956,1.781038698583244,3.5039295405657502,-0.38814205089664955,0.23721841705507518,1.01629840591048,1.2196481937051415,-2.0637877411374896,3.786478559474602,-0.33010482836108146,-0.3828027303619178,0
957,-0.9515150614849839,1.3811299866510707,-1.534729987214655,0.7268892195841022,1.8756079634138154,-2.5351029784346006,-2.632913420627184,3.254393907414917,4.367456287677392,-1.7371807916698707,0
958,0.18705076772410223,-1.782360895004337,-0.3588650987189088,4.136999291639209,0.2569259544882232,-1.8470893944133109,-1.2376668082452584,1.9362861370172455,2.580514181158188,-2.7786244331223684,1
959,-2.530245187996866,1.7997756916037555,-0.9276018212733002,-1.9742061595571687,-3.457260088246597,3.650972106450713,0.4043959753662676,-2.382602089119552,2.3025954590766453,-2.0003864430698206,1
960,-0.6114734410456764,0.8680275051239124,0.2175296701367171,0.5919634220811575,-1.0638516715912987,4.62865106620072,-2.6864092163135016,0.11321139842992678,0.940769113154734,-3.8130087416062173,0
961,0.5299522176678644,1.7035574901804946,-1.2183299881407024,-1.6619984382123292,0.4105239235220822,3.5227639918783824,-0.9234770715755636,0.11084810732734318,-1.0389870183175525,-0.5773422244450955,0
962,-0.23558023216939383,1.0251109129865452,0.810411182187315,0.13915567229867698,1.4511218246803403,-2.8738381108553512,-0.9987456216250071,1.584193019860336,1.6897884592870132,0.5043352045679319,1
963,0.003567921728164225,5.370985073664479,-2.8284193300888187,-4.71874254285819,1.0822925144246744,3.9169595785598874,-0.8788189712462434,1.5767391641359993,-0.561664072276931,0.3337323301958883,0
964,0.18961643462617328,-1.8101002840533686,0.5744970014823458,4.370760649911934,0.4419049215082318,-2.9433226448753524,1.8904104160724118,2.0115755043008607,0.1441223131747542,-2.4185650399669205,0
965,-2.278134101134375,-0.03945532033880528,-0.46775104351066465,-1.0617622774785902,-0.46707810288224927,3.0602052766084307,-0.2983362215985519,-0.21724633859208398,-0.24600874389247174,-3.1621756150988785,0
966,1.3770051686797837,-3.050438545187098,-0.7010128290033226,5.635004600734588,-1.6661059980105444,-0.9104593505826587,0.11157555671989039,1.1012916608504382,1.3010252935461368,-2.406264163730246,1
967,0.9402593994695438,-1.0612879020996056,-1.0037715779320031,2.6548663856544326,-4.271543163670519,-1.7294951142504573,0.16577850644071468,2.1534832808439717,0.6894798571806127,1.630936308948446,1
968,0.5044706111886958,1.8608662040318835,-1.1482829869432698,0.28958871056516344,0.32344743751619354,1.2719354224485813,-0.14598257211503318,-0.42814879004272965,2.0217699841458674,-1.428783320415973,0
969,-4.113325807940632,-0.844484531567441,1.700725379339921,-0.20659741369651838,-0.6122249860415917,-3.6784301743486205,0.8367906166419798,0.6178042247382521,2.1551006688804075,-1.4569763635743729,1
970,1.2548437951069773,2.942170620854489,-0.8967567372240437,-0.574269963247855,-1.210787405733163,3.8112902583655015,-0.8731975900626661,1.7163135849606879,-1.3174531381661971,-0.5710013861471612,0
971,2.410984872022162,-3.298162665041496,2.4002643522720826,4.534835177571854,3.354741968717251,-0.36470853291753175,-0.20783780111142913,-1.7901226536386101,-0.7735624742059883,-2.4509817029401217,1
972,-1.8378004417504612,-2.9219570608803886,-1.3475680413474262,0.3336787131205512,0.5594079013386664,-2.7443481181872023,-1.1672445551881125,1.4332914966506478,1.4353314164455602,-0.3113487508279945,1
973,2.354795233639255,0.11937026532656025,-0.20320470334872498,3.223354369032885,-0.21167400205134812,-3.1329375770244425,-2.8104821448507202,2.7236604909022226,3.029923654144291,1.3147082944215525,1
974,-0.6754388148080396,-2.760371434059784,0.22269657243705776,2.87104300439441,0.7721501682310328,-1.8211595265445728,-2.041132245115957,0.7828233544368682,2.4888147877867426,-2.2795153102333217,1
975,0.6897552968529135,-3.2394864691764407,-0.6625996518440747,5.4305547295645615,-1.0497571432680464,0.8072800809911586,0.30002615186257486,2.008032520165025,-0.5845213787982806,-4.2628435050127,0
976,2.29718348417265,-0.963062072937193,-0.722809308926434,2.989028031498822,-0.29824906849661303,0.6053003051884759,0.583344913553266,-1.4713334633727055,0.9828203630137171,-0.7726896377221105,0
977,0.45933380629146847,3.339146470149647,-0.8028365935260017,-1.0367748109201462,0.9594016968988687,2.5824508525927166,-2.506757202382338,2.190944419425283,0.6865064998784935,-1.359628680823369,0
978,-2.5972897150575944,-1.4258860745121056,-1.555910440581905,-1.7618234094113536,-1.5379983097643997,0.41408473292216613,-2.487690194779815,1.9985298258149053,0.4392267929472783,-0.15357661432200698,1
979,0.3181805150438899,0.1853288960283741,-0.9830740194188989,4.57940585255692,-0.053327911089219526,-4.1040363101616775,1.0013619862121588,1.8364978108818004,4.723016760088459,-2.3369112838198554,1
980,3.741328164875521,-3.261166685417853,0.5533584193746952,5.78028605855797,2.2529820205507285,-0.1881581961687019,-1.6034721963760732,-0.6095535487156669,0.6837451856643588,-2.029947367862904,1
981,-0.3992597420027175,-1.3406040585294758,-0.38335420384570973,0.4357536112465603,0.05433209229621783,-2.7217102085146014,-0.6751459493328957,1.6744719105587125,0.5073413355635541,1.1385544652802784,1
982,1.9784886405360216,-0.8410074945510804,2.0009545742317076,6.583651290160584,-3.0036140689583894,-1.1142715625583572,0.7924927634629164,2.1986819533996504,0.3729390561856032,-2.2171641406135283,0
983,2.549038748122462,-4.686551114389907,0.12257250421354293,8.1202655352337,-0.5618551874332444,-4.041618964805254,1.5751239595116238,1.7291999540652232,0.6285350449651184,-1.8602598130426402,0
984,-1.6514740334330757,0.7038398688139755,0.7304500076741189,-1.7884917669406617,-1.9324191979326395,-0.7960833786326268,0.2179710438433884,0.7267094790125779,-0.3814957820134548,1.4672496717129988,1
985,1.7721740739991898,-2.8150799809052236,0.27806016975058023,5.0538018624973935,-1.2730736032098628,-0.8416267261827524,0.7020931823170643,1.1689822491345345,-0.6241833933959918,-1.4924217138197386,0
986,-3.095057797516776,-1.4714209327861472,0.07955552589832826,-1.0578545058733815,-0.7175700879609676,-1.6183115468609994,-0.6004337827784985,0.5830101645872803,1.1541848107275556,-0.5438133296703046,1
987,2.2100845875513784,-1.9587537557812302,2.469676805895346,5.1286097697623,3.23167229906348,-4.467775345885988,-0.6437478294121541,1.1467121795071307,1.2987042216075384,-1.0242689435810435,1
988,1.8085267640501095,-2.4289504713770658,3.5686993037518135,2.5539095553437243,1.6493234381482134,-0.21904727873889737,1.748879519546398,-3.037525495389704,-2.564556599242701,-0.36971249617243995,1
989,-0.3408066892920374,0.3345054655041557,-2.1472871745423783,-0.43098643985755475,1.2795028976594043,-1.3806477046113526,-1.5998664578118555,0.5384197810996254,3.292021893955811,-0.05397313021814354,0
990,1.073242616149585,-0.8932821097133985,1.8145057178865072,2.2685922251982027,2.9878985052925744,-2.0986520389921326,-0.6685060811038688,-0.08722180765871057,0.7652004857432354,-0.957193552930767,1
991,0.14521626617335903,-0.8136874552118947,-0.6572394207132395,0.2833180253660703,-1.9166019916080272,3.9124395791531845,-2.047704585275297,1.683536009197306,-2.2039578271212417,-1.3002999108506508,0
992,-1.4618665620051818,0.33636800152247126,-1.269939876172269,-1.1172168353864178,-1.8440160298497745,-0.7021359617625621,-0.5568204868099118,1.8421780073921339,0.7409014025228439,0.7238434896501453,1
993,5.124118180467256,-5.656754573176235,2.202668908009445,10.65938692210671,-0.13329053158843407,-6.26815448830259,2.5326524941847923,0.2352451347493817,0.38085535948336413,-0.03711388216132949,1
994,3.0522205209852884,-2.757564524677875,2.1742194386954665,8.145478903812991,0.5207632144960979,-8.734143836272409,0.37889986096376704,3.6086701223365805,2.5812030058751176,0.8628257043834935,1
995,1.1322270141700246,4.602914120233342,-2.0984617543304207,-3.290218578943647,1.1796834923004724,3.7423830907023685,-0.5383505615914643,0.11429977615731624,-0.26504593545011246,0.3846360317580386,0
996,0.7694031426078535,2.105333949229782,-0.3113943882704351,1.1266326347814966,0.7684978165786615,0.6197252904226749,-1.770364973027546,2.6868836686033233,1.0851542052934937,-1.6625193425739662,0
997,-2.4595501267608735,0.35204489209211554,-1.1882819446831747,-0.3130827843405343,0.19291329650401057,0.9952737555526934,-3.9677023678181746,3.14734968088029,2.619731341441941,-3.241289358321748,0
998,-0.9564530981455963,1.6927923091323924,-0.21361067594446959,0.4370801492155665,1.6698961282685718,1.2960970820462236,-2.5206944457711975,1.3998594289065096,2.678094821753738,-3.6525940336986706,0
999,1.551609288335389,-0.3996915733412729,2.201242430518197,3.7455652197550466,-2.7551933484710918,-2.5353079408702337,0.6514280434514612,-0.9875310255503862,2.2488435535738747,0.9860106748951809,0
1000,1.3417038912480335,-1.7424940509576547,-0.09183065280761105,4.651645082337502,1.7776505145140615,-2.352571599945014,-0.4673173512555745,0.7223935674243946,2.6270308891409266,-2.522114427663103,0
